Workbook

Sheet Summary Page
A1: HIT SQUAD / PROJECT CONTROLS
A2: Produced by Hit Squad Project Controls · Confidential estimate package
A3: Madison CAT 2 (Pit Stop)
A4: Phillips 66 · Wood River — Roxana, IL · East Coast (PCA0001103)
A5: Produced Sep 4, 2026 | B5: 46269.757
A6: Rollup line | B6: Amount $ | C6: Man-hours (MH)
A7: Staff labor $ | B7: =Staff!K70 | C7: =Staff!B70
A8: Foremen labor $ | B8: =Foremen!K22 | C8: =Foremen!B22
A9: Direct labor $ | B9: =Direct!K22 | C9: =Direct!B22
A10: Support labor $ | B10: =Support!K22 | C10: =Support!B22
A11: Labor $ | B11: =SUM(B7,B8,B9,B10) | C11: =SUM(C7,C8,C9,C10)
A12: Per diem $ | B12: =SUM(Staff!D70,Foremen!D22,Direct!D22,Support!D22)
A13: Man-hours | C13: =SUM(C7,C8,C9,C10)
A14: Staff travel $ | B14: ='Staff Travel Cost'!E8
A15: Misc $ | B15: ='Misc Costs'!E10
A16: COE $ | B16: =COE!G11
A17: 6.5% markup | B17: 695.5
A19: ESTIMATE TOTAL $ | B19: =SUM(B11,B12,B14,B15,B16,B17) | C19: =SUM(C7,C8,C9,C10)

Sheet Staff
A1: HIT SQUAD / PROJECT CONTROLS
A2: Produced by Hit Squad Project Controls · Confidential estimate package
A3: Madison CAT 2 (Pit Stop)
A4: Phillips 66 · Wood River — Roxana, IL · East Coast (PCA0001103)
A5: Produced Sep 4, 2026 | B5: 46269.757
A6: Shift | B6: Total Billable | C6: Position | D6: Sub Total $ | E6: Rate | F6: Type | G6: ST Hrs | H6: OT Hrs | I6: DT Hrs | J6: PD Days | K6: Labor $ | L6: 46286 | M6: =L6+1 | N6: =M6+1 | O6: =N6+1 | P6: =O6+1 | Q6: =P6+1 | R6: =Q6+1 | S6: =R6+1 | T6: =S6+1 | ... AQ6: =AP6+1
A7: DAYSHIFT | B7: =G7+H7+I7 | C7: Superintendent PF 01 | D7: =K7 | F7: TITLE | G7: =B10 | H7: =B11 | I7: =B12 | J7: =B13 | K7: =D10+D11+D12 | OV7: cr-1787760932966-c9m84|day
F8: HC | L8: 1 | M8: 1 | N8: 1 | O8: 1 | P8: 1 | Q8: 0 | R8: 0 | S8: 1 | T8: 1 | U8: 1 | V8: 1 | W8: 1 | X8: 1 | Y8: 1 | Z8: 1 | AA8: 1 | AB8: 1 | AC8: 1 | AD8: 1 | AE8: 1 | AF8: 1 | AG8: 1 | AH8: 1 | AI8: 1 | AJ8: 1 | AK8: 1 | AL8: 0 | AM8: 0 | AN8: 1 | AO8: 1 | AP8: 1 | AQ8: 1 | OV8: cr-1787760932966-c9m84|day
A9: Enter Hours Per shift Here | F9: HPS | L9: 8 | M9: 8 | N9: 8 | O9: 8 | P9: 8 | Q9: 0 | R9: 0 | S9: 8 | T9: 8 | U9: 8 | V9: 12 | W9: 12 | X9: 12 | Y9: 12 | Z9: 12 | AA9: 12 | AB9: 12 | AC9: 12 | AD9: 12 | AE9: 12 | AF9: 12 | AG9: 12 | AH9: 12 | AI9: 12 | AJ9: 8 | AK9: 8 | AL9: 0 | AM9: 0 | AN9: 8 | AO9: 8 | AP9: 8 | AQ9: 8 | OV9: cr-1787760932966-c9m84|day
B10: =SUM(L10:AQ10) | D10: =B10*E10 | E10: ='Rate Tables'!C7 | F10: ST | L10: =IF(L$6="","",IF(WEEKDAY(L$6,1)=1,0,MIN(8,L9)*L8)) | M10: =IF(M$6="","",IF(WEEKDAY(M$6,1)=1,0,MIN(8,M9)*M8)) | N10: =IF(N$6="","",IF(WEEKDAY(N$6,1)=1,0,MIN(8,N9)*N8)) | O10: =IF(O$6="","",IF(WEEKDAY(O$6,1)=1,0,MIN(8,O9)*O8)) | P10: =IF(P$6="","",IF(WEEKDAY(P$6,1)=1,0,MIN(8,P9)*P8)) | Q10: =IF(Q$6="","",IF(WEEKDAY(Q$6,1)=1,0,MIN(8,Q9)*Q8)) | R10: =IF(R$6="","",IF(WEEKDAY(R$6,1)=1,0,MIN(8,R9)*R8)) | S10: =IF(S$6="","",IF(WEEKDAY(S$6,1)=1,0,MIN(8,S9)*S8)) | ... AQ10: =IF(AQ$6="","",IF(WEEKDAY(AQ$6,1)=1,0,MIN(8,AQ9)*AQ8)) | OV10: cr-1787760932966-c9m84|day
B11: =SUM(L11:AQ11) | D11: =B11*E11 | E11: ='Rate Tables'!D7 | F11: OT | L11: =IF(L$6="","",IF(WEEKDAY(L$6,1)=1,0,MAX(0,L9-8)*L8)) | M11: =IF(M$6="","",IF(WEEKDAY(M$6,1)=1,0,MAX(0,M9-8)*M8)) | N11: =IF(N$6="","",IF(WEEKDAY(N$6,1)=1,0,MAX(0,N9-8)*N8)) | O11: =IF(O$6="","",IF(WEEKDAY(O$6,1)=1,0,MAX(0,O9-8)*O8)) | P11: =IF(P$6="","",IF(WEEKDAY(P$6,1)=1,0,MAX(0,P9-8)*P8)) | Q11: =IF(Q$6="","",IF(WEEKDAY(Q$6,1)=1,0,MAX(0,Q9-8)*Q8)) | R11: =IF(R$6="","",IF(WEEKDAY(R$6,1)=1,0,MAX(0,R9-8)*R8)) | S11: =IF(S$6="","",IF(WEEKDAY(S$6,1)=1,0,MAX(0,S9-8)*S8)) | ... AQ11: =IF(AQ$6="","",IF(WEEKDAY(AQ$6,1)=1,0,MAX(0,AQ9-8)*AQ8)) | OV11: cr-1787760932966-c9m84|day
B12: =SUM(L12:AQ12) | D12: =B12*E12 | E12: ='Rate Tables'!E7 | F12: DT | L12: =IF(L$6="","",IF(WEEKDAY(L$6,1)=1,L9*L8,0)) | M12: =IF(M$6="","",IF(WEEKDAY(M$6,1)=1,M9*M8,0)) | N12: =IF(N$6="","",IF(WEEKDAY(N$6,1)=1,N9*N8,0)) | O12: =IF(O$6="","",IF(WEEKDAY(O$6,1)=1,O9*O8,0)) | P12: =IF(P$6="","",IF(WEEKDAY(P$6,1)=1,P9*P8,0)) | Q12: =IF(Q$6="","",IF(WEEKDAY(Q$6,1)=1,Q9*Q8,0)) | R12: =IF(R$6="","",IF(WEEKDAY(R$6,1)=1,R9*R8,0)) | S12: =IF(S$6="","",IF(WEEKDAY(S$6,1)=1,S9*S8,0)) | ... AQ12: =IF(AQ$6="","",IF(WEEKDAY(AQ$6,1)=1,AQ9*AQ8,0)) | OV12: cr-1787760932966-c9m84|day
B13: =SUM(L13:AQ13) | D13: =B13*E13 | E13: 140 | F13: PD | L13: 1 | M13: 1 | N13: 1 | O13: 1 | P13: 1 | Q13: 0 | R13: 0 | S13: 1 | T13: 1 | U13: 1 | V13: 1 | W13: 1 | X13: 1 | Y13: 1 | Z13: 1 | AA13: 1 | AB13: 1 | AC13: 1 | AD13: 1 | AE13: 1 | AF13: 1 | AG13: 1 | AH13: 1 | AI13: 1 | AJ13: 0 | AK13: 0 | AL13: 0 | AM13: 0 | AN13: 0 | AO13: 0 | AP13: 0 | AQ13: 0 | OV13: cr-1787760932966-c9m84|day
A15: NIGHTSHIFT | B15: =G15+H15+I15 | C15: Superintendent PF 01 | D15: =K15 | F15: TITLE | G15: =B18 | H15: =B19 | I15: =B20 | J15: =B21 | K15: =D18+D19+D20 | OV15: cr-1787760932966-c9m84|night
F16: HC | L16: 1 | M16: 1 | N16: 1 | O16: 1 | P16: 1 | Q16: 0 | R16: 0 | S16: 1 | T16: 1 | U16: 1 | V16: 1 | W16: 1 | X16: 1 | Y16: 1 | Z16: 1 | AA16: 1 | AB16: 1 | AC16: 1 | AD16: 1 | AE16: 1 | AF16: 1 | AG16: 1 | AH16: 1 | AI16: 1 | AJ16: 0 | AK16: 0 | AL16: 0 | AM16: 0 | AN16: 0 | AO16: 0 | AP16: 0 | AQ16: 0 | OV16: cr-1787760932966-c9m84|night
A17: Enter Hours Per shift Here | F17: HPS | L17: 8 | M17: 8 | N17: 8 | O17: 8 | P17: 8 | Q17: 0 | R17: 0 | S17: 8 | T17: 8 | U17: 8 | V17: 12 | W17: 12 | X17: 12 | Y17: 12 | Z17: 12 | AA17: 12 | AB17: 12 | AC17: 12 | AD17: 12 | AE17: 12 | AF17: 12 | AG17: 12 | AH17: 12 | AI17: 12 | AJ17: 0 | AK17: 0 | AL17: 0 | AM17: 0 | AN17: 0 | AO17: 0 | AP17: 0 | AQ17: 0 | OV17: cr-1787760932966-c9m84|night
B18: =SUM(L18:AQ18) | D18: =B18*E18 | E18: ='Rate Tables'!C7 | F18: ST | L18: =IF(L$6="","",IF(WEEKDAY(L$6,1)=1,0,MIN(8,L17)*L16)) | M18: =IF(M$6="","",IF(WEEKDAY(M$6,1)=1,0,MIN(8,M17)*M16)) | N18: =IF(N$6="","",IF(WEEKDAY(N$6,1)=1,0,MIN(8,N17)*N16)) | O18: =IF(O$6="","",IF(WEEKDAY(O$6,1)=1,0,MIN(8,O17)*O16)) | P18: =IF(P$6="","",IF(WEEKDAY(P$6,1)=1,0,MIN(8,P17)*P16)) | Q18: =IF(Q$6="","",IF(WEEKDAY(Q$6,1)=1,0,MIN(8,Q17)*Q16)) | R18: =IF(R$6="","",IF(WEEKDAY(R$6,1)=1,0,MIN(8,R17)*R16)) | S18: =IF(S$6="","",IF(WEEKDAY(S$6,1)=1,0,MIN(8,S17)*S16)) | ... AQ18: =IF(AQ$6="","",IF(WEEKDAY(AQ$6,1)=1,0,MIN(8,AQ17)*AQ16)) | OV18: cr-1787760932966-c9m84|night
B19: =SUM(L19:AQ19) | D19: =B19*E19 | E19: ='Rate Tables'!D7 | F19: OT | L19: =IF(L$6="","",IF(WEEKDAY(L$6,1)=1,0,MAX(0,L17-8)*L16)) | M19: =IF(M$6="","",IF(WEEKDAY(M$6,1)=1,0,MAX(0,M17-8)*M16)) | N19: =IF(N$6="","",IF(WEEKDAY(N$6,1)=1,0,MAX(0,N17-8)*N16)) | O19: =IF(O$6="","",IF(WEEKDAY(O$6,1)=1,0,MAX(0,O17-8)*O16)) | P19: =IF(P$6="","",IF(WEEKDAY(P$6,1)=1,0,MAX(0,P17-8)*P16)) | Q19: =IF(Q$6="","",IF(WEEKDAY(Q$6,1)=1,0,MAX(0,Q17-8)*Q16)) | R19: =IF(R$6="","",IF(WEEKDAY(R$6,1)=1,0,MAX(0,R17-8)*R16)) | S19: =IF(S$6="","",IF(WEEKDAY(S$6,1)=1,0,MAX(0,S17-8)*S16)) | ... AQ19: =IF(AQ$6="","",IF(WEEKDAY(AQ$6,1)=1,0,MAX(0,AQ17-8)*AQ16)) | OV19: cr-1787760932966-c9m84|night
B20: =SUM(L20:AQ20) | D20: =B20*E20 | E20: ='Rate Tables'!E7 | F20: DT | L20: =IF(L$6="","",IF(WEEKDAY(L$6,1)=1,L17*L16,0)) | M20: =IF(M$6="","",IF(WEEKDAY(M$6,1)=1,M17*M16,0)) | N20: =IF(N$6="","",IF(WEEKDAY(N$6,1)=1,N17*N16,0)) | O20: =IF(O$6="","",IF(WEEKDAY(O$6,1)=1,O17*O16,0)) | P20: =IF(P$6="","",IF(WEEKDAY(P$6,1)=1,P17*P16,0)) | Q20: =IF(Q$6="","",IF(WEEKDAY(Q$6,1)=1,Q17*Q16,0)) | R20: =IF(R$6="","",IF(WEEKDAY(R$6,1)=1,R17*R16,0)) | S20: =IF(S$6="","",IF(WEEKDAY(S$6,1)=1,S17*S16,0)) | ... AQ20: =IF(AQ$6="","",IF(WEEKDAY(AQ$6,1)=1,AQ17*AQ16,0)) | OV20: cr-1787760932966-c9m84|night
B21: =SUM(L21:AQ21) | D21: =B21*E21 | E21: 140 | F21: PD | L21: 1 | M21: 1 | N21: 1 | O21: 1 | P21: 1 | Q21: 0 | R21: 0 | S21: 1 | T21: 1 | U21: 1 | V21: 1 | W21: 1 | X21: 1 | Y21: 1 | Z21: 1 | AA21: 1 | AB21: 1 | AC21: 1 | AD21: 1 | AE21: 1 | AF21: 1 | AG21: 1 | AH21: 1 | AI21: 1 | AJ21: 0 | AK21: 0 | AL21: 0 | AM21: 0 | AN21: 0 | AO21: 0 | AP21: 0 | AQ21: 0 | OV21: cr-1787760932966-c9m84|night
A23: DAYSHIFT | B23: =G23+H23+I23 | C23: COORDINATOR QA-QC 1 | D23: =K23 | F23: TITLE | G23: =B26 | H23: =B27 | I23: =B28 | J23: =B29 | K23: =D26+D27+D28 | OV23: cr-1787762352222-vw0iw|day
F24: HC | L24: 1 | M24: 1 | N24: 1 | O24: 1 | P24: 1 | Q24: 0 | R24: 0 | S24: 1 | T24: 1 | U24: 1 | V24: 1 | W24: 1 | X24: 1 | Y24: 1 | Z24: 1 | AA24: 1 | AB24: 1 | AC24: 1 | AD24: 1 | AE24: 1 | AF24: 1 | AG24: 1 | AH24: 1 | AI24: 1 | AJ24: 1 | AK24: 1 | AL24: 0 | AM24: 0 | AN24: 1 | AO24: 1 | AP24: 1 | AQ24: 1 | OV24: cr-1787762352222-vw0iw|day
A25: Enter Hours Per shift Here | F25: HPS | L25: 8 | M25: 8 | N25: 8 | O25: 8 | P25: 8 | Q25: 0 | R25: 0 | S25: 8 | T25: 8 | U25: 8 | V25: 12 | W25: 12 | X25: 12 | Y25: 12 | Z25: 12 | AA25: 12 | AB25: 12 | AC25: 12 | AD25: 12 | AE25: 12 | AF25: 12 | AG25: 12 | AH25: 12 | AI25: 12 | AJ25: 8 | AK25: 8 | AL25: 0 | AM25: 0 | AN25: 8 | AO25: 8 | AP25: 8 | AQ25: 8 | OV25: cr-1787762352222-vw0iw|day
B26: =SUM(L26:AQ26) | D26: =B26*E26 | E26: ='Rate Tables'!C8 | F26: ST | L26: =IF(L$6="","",IF(WEEKDAY(L$6,1)=1,0,MIN(8,L25)*L24)) | M26: =IF(M$6="","",IF(WEEKDAY(M$6,1)=1,0,MIN(8,M25)*M24)) | N26: =IF(N$6="","",IF(WEEKDAY(N$6,1)=1,0,MIN(8,N25)*N24)) | O26: =IF(O$6="","",IF(WEEKDAY(O$6,1)=1,0,MIN(8,O25)*O24)) | P26: =IF(P$6="","",IF(WEEKDAY(P$6,1)=1,0,MIN(8,P25)*P24)) | Q26: =IF(Q$6="","",IF(WEEKDAY(Q$6,1)=1,0,MIN(8,Q25)*Q24)) | R26: =IF(R$6="","",IF(WEEKDAY(R$6,1)=1,0,MIN(8,R25)*R24)) | S26: =IF(S$6="","",IF(WEEKDAY(S$6,1)=1,0,MIN(8,S25)*S24)) | ... AQ26: =IF(AQ$6="","",IF(WEEKDAY(AQ$6,1)=1,0,MIN(8,AQ25)*AQ24)) | OV26: cr-1787762352222-vw0iw|day
B27: =SUM(L27:AQ27) | D27: =B27*E27 | E27: ='Rate Tables'!D8 | F27: OT | L27: =IF(L$6="","",IF(WEEKDAY(L$6,1)=1,0,MAX(0,L25-8)*L24)) | M27: =IF(M$6="","",IF(WEEKDAY(M$6,1)=1,0,MAX(0,M25-8)*M24)) | N27: =IF(N$6="","",IF(WEEKDAY(N$6,1)=1,0,MAX(0,N25-8)*N24)) | O27: =IF(O$6="","",IF(WEEKDAY(O$6,1)=1,0,MAX(0,O25-8)*O24)) | P27: =IF(P$6="","",IF(WEEKDAY(P$6,1)=1,0,MAX(0,P25-8)*P24)) | Q27: =IF(Q$6="","",IF(WEEKDAY(Q$6,1)=1,0,MAX(0,Q25-8)*Q24)) | R27: =IF(R$6="","",IF(WEEKDAY(R$6,1)=1,0,MAX(0,R25-8)*R24)) | S27: =IF(S$6="","",IF(WEEKDAY(S$6,1)=1,0,MAX(0,S25-8)*S24)) | ... AQ27: =IF(AQ$6="","",IF(WEEKDAY(AQ$6,1)=1,0,MAX(0,AQ25-8)*AQ24)) | OV27: cr-1787762352222-vw0iw|day
B28: =SUM(L28:AQ28) | D28: =B28*E28 | E28: ='Rate Tables'!E8 | F28: DT | L28: =IF(L$6="","",IF(WEEKDAY(L$6,1)=1,L25*L24,0)) | M28: =IF(M$6="","",IF(WEEKDAY(M$6,1)=1,M25*M24,0)) | N28: =IF(N$6="","",IF(WEEKDAY(N$6,1)=1,N25*N24,0)) | O28: =IF(O$6="","",IF(WEEKDAY(O$6,1)=1,O25*O24,0)) | P28: =IF(P$6="","",IF(WEEKDAY(P$6,1)=1,P25*P24,0)) | Q28: =IF(Q$6="","",IF(WEEKDAY(Q$6,1)=1,Q25*Q24,0)) | R28: =IF(R$6="","",IF(WEEKDAY(R$6,1)=1,R25*R24,0)) | S28: =IF(S$6="","",IF(WEEKDAY(S$6,1)=1,S25*S24,0)) | ... AQ28: =IF(AQ$6="","",IF(WEEKDAY(AQ$6,1)=1,AQ25*AQ24,0)) | OV28: cr-1787762352222-vw0iw|day
B29: =SUM(L29:AQ29) | D29: =B29*E29 | E29: 140 | F29: PD | L29: 1 | M29: 1 | N29: 1 | O29: 1 | P29: 1 | Q29: 0 | R29: 0 | S29: 1 | T29: 1 | U29: 1 | V29: 1 | W29: 1 | X29: 1 | Y29: 1 | Z29: 1 | AA29: 1 | AB29: 1 | AC29: 1 | AD29: 1 | AE29: 1 | AF29: 1 | AG29: 1 | AH29: 1 | AI29: 1 | AJ29: 0 | AK29: 0 | AL29: 0 | AM29: 0 | AN29: 0 | AO29: 0 | AP29: 0 | AQ29: 0 | OV29: cr-1787762352222-vw0iw|day
A31: NIGHTSHIFT | B31: =G31+H31+I31 | C31: COORDINATOR QA-QC 1 | D31: =K31 | F31: TITLE | G31: =B34 | H31: =B35 | I31: =B36 | J31: =B37 | K31: =D34+D35+D36 | OV31: cr-1787762352222-vw0iw|night
F32: HC | L32: 1 | M32: 1 | N32: 1 | O32: 1 | P32: 1 | Q32: 0 | R32: 0 | S32: 1 | T32: 1 | U32: 1 | V32: 1 | W32: 1 | X32: 1 | Y32: 1 | Z32: 1 | AA32: 1 | AB32: 1 | AC32: 1 | AD32: 1 | AE32: 1 | AF32: 1 | AG32: 1 | AH32: 1 | AI32: 1 | AJ32: 0 | AK32: 0 | AL32: 0 | AM32: 0 | AN32: 0 | AO32: 0 | AP32: 0 | AQ32: 0 | OV32: cr-1787762352222-vw0iw|night
A33: Enter Hours Per shift Here | F33: HPS | L33: 8 | M33: 8 | N33: 8 | O33: 8 | P33: 8 | Q33: 0 | R33: 0 | S33: 8 | T33: 8 | U33: 8 | V33: 12 | W33: 12 | X33: 12 | Y33: 12 | Z33: 12 | AA33: 12 | AB33: 12 | AC33: 12 | AD33: 12 | AE33: 12 | AF33: 12 | AG33: 12 | AH33: 12 | AI33: 12 | AJ33: 0 | AK33: 0 | AL33: 0 | AM33: 0 | AN33: 0 | AO33: 0 | AP33: 0 | AQ33: 0 | OV33: cr-1787762352222-vw0iw|night
B34: =SUM(L34:AQ34) | D34: =B34*E34 | E34: ='Rate Tables'!C8 | F34: ST | L34: =IF(L$6="","",IF(WEEKDAY(L$6,1)=1,0,MIN(8,L33)*L32)) | M34: =IF(M$6="","",IF(WEEKDAY(M$6,1)=1,0,MIN(8,M33)*M32)) | N34: =IF(N$6="","",IF(WEEKDAY(N$6,1)=1,0,MIN(8,N33)*N32)) | O34: =IF(O$6="","",IF(WEEKDAY(O$6,1)=1,0,MIN(8,O33)*O32)) | P34: =IF(P$6="","",IF(WEEKDAY(P$6,1)=1,0,MIN(8,P33)*P32)) | Q34: =IF(Q$6="","",IF(WEEKDAY(Q$6,1)=1,0,MIN(8,Q33)*Q32)) | R34: =IF(R$6="","",IF(WEEKDAY(R$6,1)=1,0,MIN(8,R33)*R32)) | S34: =IF(S$6="","",IF(WEEKDAY(S$6,1)=1,0,MIN(8,S33)*S32)) | ... AQ34: =IF(AQ$6="","",IF(WEEKDAY(AQ$6,1)=1,0,MIN(8,AQ33)*AQ32)) | OV34: cr-1787762352222-vw0iw|night
B35: =SUM(L35:AQ35) | D35: =B35*E35 | E35: ='Rate Tables'!D8 | F35: OT | L35: =IF(L$6="","",IF(WEEKDAY(L$6,1)=1,0,MAX(0,L33-8)*L32)) | M35: =IF(M$6="","",IF(WEEKDAY(M$6,1)=1,0,MAX(0,M33-8)*M32)) | N35: =IF(N$6="","",IF(WEEKDAY(N$6,1)=1,0,MAX(0,N33-8)*N32)) | O35: =IF(O$6="","",IF(WEEKDAY(O$6,1)=1,0,MAX(0,O33-8)*O32)) | P35: =IF(P$6="","",IF(WEEKDAY(P$6,1)=1,0,MAX(0,P33-8)*P32)) | Q35: =IF(Q$6="","",IF(WEEKDAY(Q$6,1)=1,0,MAX(0,Q33-8)*Q32)) | R35: =IF(R$6="","",IF(WEEKDAY(R$6,1)=1,0,MAX(0,R33-8)*R32)) | S35: =IF(S$6="","",IF(WEEKDAY(S$6,1)=1,0,MAX(0,S33-8)*S32)) | ... AQ35: =IF(AQ$6="","",IF(WEEKDAY(AQ$6,1)=1,0,MAX(0,AQ33-8)*AQ32)) | OV35: cr-1787762352222-vw0iw|night
B36: =SUM(L36:AQ36) | D36: =B36*E36 | E36: ='Rate Tables'!E8 | F36: DT | L36: =IF(L$6="","",IF(WEEKDAY(L$6,1)=1,L33*L32,0)) | M36: =IF(M$6="","",IF(WEEKDAY(M$6,1)=1,M33*M32,0)) | N36: =IF(N$6="","",IF(WEEKDAY(N$6,1)=1,N33*N32,0)) | O36: =IF(O$6="","",IF(WEEKDAY(O$6,1)=1,O33*O32,0)) | P36: =IF(P$6="","",IF(WEEKDAY(P$6,1)=1,P33*P32,0)) | Q36: =IF(Q$6="","",IF(WEEKDAY(Q$6,1)=1,Q33*Q32,0)) | R36: =IF(R$6="","",IF(WEEKDAY(R$6,1)=1,R33*R32,0)) | S36: =IF(S$6="","",IF(WEEKDAY(S$6,1)=1,S33*S32,0)) | ... AQ36: =IF(AQ$6="","",IF(WEEKDAY(AQ$6,1)=1,AQ33*AQ32,0)) | OV36: cr-1787762352222-vw0iw|night
B37: =SUM(L37:AQ37) | D37: =B37*E37 | E37: 140 | F37: PD | L37: 1 | M37: 1 | N37: 1 | O37: 1 | P37: 1 | Q37: 0 | R37: 0 | S37: 1 | T37: 1 | U37: 1 | V37: 1 | W37: 1 | X37: 1 | Y37: 1 | Z37: 1 | AA37: 1 | AB37: 1 | AC37: 1 | AD37: 1 | AE37: 1 | AF37: 1 | AG37: 1 | AH37: 1 | AI37: 1 | AJ37: 0 | AK37: 0 | AL37: 0 | AM37: 0 | AN37: 0 | AO37: 0 | AP37: 0 | AQ37: 0 | OV37: cr-1787762352222-vw0iw|night
A39: DAYSHIFT | B39: =G39+H39+I39 | C39: COORDINATOR SAFETY 01 | D39: =K39 | F39: TITLE | G39: =B42 | H39: =B43 | I39: =B44 | J39: =B45 | K39: =D42+D43+D44 | OV39: cr-1787762351054-x15wg|day
F40: HC | L40: 1 | M40: 1 | N40: 1 | O40: 1 | P40: 1 | Q40: 0 | R40: 0 | S40: 1 | T40: 1 | U40: 1 | V40: 1 | W40: 1 | X40: 1 | Y40: 1 | Z40: 1 | AA40: 1 | AB40: 1 | AC40: 1 | AD40: 1 | AE40: 1 | AF40: 1 | AG40: 1 | AH40: 1 | AI40: 1 | AJ40: 1 | AK40: 1 | AL40: 0 | AM40: 0 | AN40: 1 | AO40: 1 | AP40: 1 | AQ40: 1 | OV40: cr-1787762351054-x15wg|day
A41: Enter Hours Per shift Here | F41: HPS | L41: 8 | M41: 8 | N41: 8 | O41: 8 | P41: 8 | Q41: 0 | R41: 0 | S41: 8 | T41: 8 | U41: 8 | V41: 12 | W41: 12 | X41: 12 | Y41: 12 | Z41: 12 | AA41: 12 | AB41: 12 | AC41: 12 | AD41: 12 | AE41: 12 | AF41: 12 | AG41: 12 | AH41: 12 | AI41: 12 | AJ41: 8 | AK41: 8 | AL41: 0 | AM41: 0 | AN41: 8 | AO41: 8 | AP41: 8 | AQ41: 8 | OV41: cr-1787762351054-x15wg|day
B42: =SUM(L42:AQ42) | D42: =B42*E42 | E42: ='Rate Tables'!C9 | F42: ST | L42: =IF(L$6="","",IF(WEEKDAY(L$6,1)=1,0,MIN(8,L41)*L40)) | M42: =IF(M$6="","",IF(WEEKDAY(M$6,1)=1,0,MIN(8,M41)*M40)) | N42: =IF(N$6="","",IF(WEEKDAY(N$6,1)=1,0,MIN(8,N41)*N40)) | O42: =IF(O$6="","",IF(WEEKDAY(O$6,1)=1,0,MIN(8,O41)*O40)) | P42: =IF(P$6="","",IF(WEEKDAY(P$6,1)=1,0,MIN(8,P41)*P40)) | Q42: =IF(Q$6="","",IF(WEEKDAY(Q$6,1)=1,0,MIN(8,Q41)*Q40)) | R42: =IF(R$6="","",IF(WEEKDAY(R$6,1)=1,0,MIN(8,R41)*R40)) | S42: =IF(S$6="","",IF(WEEKDAY(S$6,1)=1,0,MIN(8,S41)*S40)) | ... AQ42: =IF(AQ$6="","",IF(WEEKDAY(AQ$6,1)=1,0,MIN(8,AQ41)*AQ40)) | OV42: cr-1787762351054-x15wg|day
B43: =SUM(L43:AQ43) | D43: =B43*E43 | E43: ='Rate Tables'!D9 | F43: OT | L43: =IF(L$6="","",IF(WEEKDAY(L$6,1)=1,0,MAX(0,L41-8)*L40)) | M43: =IF(M$6="","",IF(WEEKDAY(M$6,1)=1,0,MAX(0,M41-8)*M40)) | N43: =IF(N$6="","",IF(WEEKDAY(N$6,1)=1,0,MAX(0,N41-8)*N40)) | O43: =IF(O$6="","",IF(WEEKDAY(O$6,1)=1,0,MAX(0,O41-8)*O40)) | P43: =IF(P$6="","",IF(WEEKDAY(P$6,1)=1,0,MAX(0,P41-8)*P40)) | Q43: =IF(Q$6="","",IF(WEEKDAY(Q$6,1)=1,0,MAX(0,Q41-8)*Q40)) | R43: =IF(R$6="","",IF(WEEKDAY(R$6,1)=1,0,MAX(0,R41-8)*R40)) | S43: =IF(S$6="","",IF(WEEKDAY(S$6,1)=1,0,MAX(0,S41-8)*S40)) | ... AQ43: =IF(AQ$6="","",IF(WEEKDAY(AQ$6,1)=1,0,MAX(0,AQ41-8)*AQ40)) | OV43: cr-1787762351054-x15wg|day
B44: =SUM(L44:AQ44) | D44: =B44*E44 | E44: ='Rate Tables'!E9 | F44: DT | L44: =IF(L$6="","",IF(WEEKDAY(L$6,1)=1,L41*L40,0)) | M44: =IF(M$6="","",IF(WEEKDAY(M$6,1)=1,M41*M40,0)) | N44: =IF(N$6="","",IF(WEEKDAY(N$6,1)=1,N41*N40,0)) | O44: =IF(O$6="","",IF(WEEKDAY(O$6,1)=1,O41*O40,0)) | P44: =IF(P$6="","",IF(WEEKDAY(P$6,1)=1,P41*P40,0)) | Q44: =IF(Q$6="","",IF(WEEKDAY(Q$6,1)=1,Q41*Q40,0)) | R44: =IF(R$6="","",IF(WEEKDAY(R$6,1)=1,R41*R40,0)) | S44: =IF(S$6="","",IF(WEEKDAY(S$6,1)=1,S41*S40,0)) | ... AQ44: =IF(AQ$6="","",IF(WEEKDAY(AQ$6,1)=1,AQ41*AQ40,0)) | OV44: cr-1787762351054-x15wg|day
B45: =SUM(L45:AQ45) | D45: =B45*E45 | E45: 140 | F45: PD | L45: 1 | M45: 1 | N45: 1 | O45: 1 | P45: 1 | Q45: 0 | R45: 0 | S45: 1 | T45: 1 | U45: 1 | V45: 1 | W45: 1 | X45: 1 | Y45: 1 | Z45: 1 | AA45: 1 | AB45: 1 | AC45: 1 | AD45: 1 | AE45: 1 | AF45: 1 | AG45: 1 | AH45: 1 | AI45: 1 | AJ45: 0 | AK45: 0 | AL45: 0 | AM45: 0 | AN45: 0 | AO45: 0 | AP45: 0 | AQ45: 0 | OV45: cr-1787762351054-x15wg|day
A47: NIGHTSHIFT | B47: =G47+H47+I47 | C47: COORDINATOR SAFETY 01 | D47: =K47 | F47: TITLE | G47: =B50 | H47: =B51 | I47: =B52 | J47: =B53 | K47: =D50+D51+D52 | OV47: cr-1787762351054-x15wg|night
F48: HC | L48: 1 | M48: 1 | N48: 1 | O48: 1 | P48: 1 | Q48: 0 | R48: 0 | S48: 1 | T48: 1 | U48: 1 | V48: 1 | W48: 1 | X48: 1 | Y48: 1 | Z48: 1 | AA48: 1 | AB48: 1 | AC48: 1 | AD48: 1 | AE48: 1 | AF48: 1 | AG48: 1 | AH48: 1 | AI48: 1 | AJ48: 0 | AK48: 0 | AL48: 0 | AM48: 0 | AN48: 0 | AO48: 0 | AP48: 0 | AQ48: 0 | OV48: cr-1787762351054-x15wg|night
A49: Enter Hours Per shift Here | F49: HPS | L49: 8 | M49: 8 | N49: 8 | O49: 8 | P49: 8 | Q49: 0 | R49: 0 | S49: 8 | T49: 8 | U49: 8 | V49: 12 | W49: 12 | X49: 12 | Y49: 12 | Z49: 12 | AA49: 12 | AB49: 12 | AC49: 12 | AD49: 12 | AE49: 12 | AF49: 12 | AG49: 12 | AH49: 12 | AI49: 12 | AJ49: 0 | AK49: 0 | AL49: 0 | AM49: 0 | AN49: 0 | AO49: 0 | AP49: 0 | AQ49: 0 | OV49: cr-1787762351054-x15wg|night
B50: =SUM(L50:AQ50) | D50: =B50*E50 | E50: ='Rate Tables'!C9 | F50: ST | L50: =IF(L$6="","",IF(WEEKDAY(L$6,1)=1,0,MIN(8,L49)*L48)) | M50: =IF(M$6="","",IF(WEEKDAY(M$6,1)=1,0,MIN(8,M49)*M48)) | N50: =IF(N$6="","",IF(WEEKDAY(N$6,1)=1,0,MIN(8,N49)*N48)) | O50: =IF(O$6="","",IF(WEEKDAY(O$6,1)=1,0,MIN(8,O49)*O48)) | P50: =IF(P$6="","",IF(WEEKDAY(P$6,1)=1,0,MIN(8,P49)*P48)) | Q50: =IF(Q$6="","",IF(WEEKDAY(Q$6,1)=1,0,MIN(8,Q49)*Q48)) | R50: =IF(R$6="","",IF(WEEKDAY(R$6,1)=1,0,MIN(8,R49)*R48)) | S50: =IF(S$6="","",IF(WEEKDAY(S$6,1)=1,0,MIN(8,S49)*S48)) | ... AQ50: =IF(AQ$6="","",IF(WEEKDAY(AQ$6,1)=1,0,MIN(8,AQ49)*AQ48)) | OV50: cr-1787762351054-x15wg|night
B51: =SUM(L51:AQ51) | D51: =B51*E51 | E51: ='Rate Tables'!D9 | F51: OT | L51: =IF(L$6="","",IF(WEEKDAY(L$6,1)=1,0,MAX(0,L49-8)*L48)) | M51: =IF(M$6="","",IF(WEEKDAY(M$6,1)=1,0,MAX(0,M49-8)*M48)) | N51: =IF(N$6="","",IF(WEEKDAY(N$6,1)=1,0,MAX(0,N49-8)*N48)) | O51: =IF(O$6="","",IF(WEEKDAY(O$6,1)=1,0,MAX(0,O49-8)*O48)) | P51: =IF(P$6="","",IF(WEEKDAY(P$6,1)=1,0,MAX(0,P49-8)*P48)) | Q51: =IF(Q$6="","",IF(WEEKDAY(Q$6,1)=1,0,MAX(0,Q49-8)*Q48)) | R51: =IF(R$6="","",IF(WEEKDAY(R$6,1)=1,0,MAX(0,R49-8)*R48)) | S51: =IF(S$6="","",IF(WEEKDAY(S$6,1)=1,0,MAX(0,S49-8)*S48)) | ... AQ51: =IF(AQ$6="","",IF(WEEKDAY(AQ$6,1)=1,0,MAX(0,AQ49-8)*AQ48)) | OV51: cr-1787762351054-x15wg|night
B52: =SUM(L52:AQ52) | D52: =B52*E52 | E52: ='Rate Tables'!E9 | F52: DT | L52: =IF(L$6="","",IF(WEEKDAY(L$6,1)=1,L49*L48,0)) | M52: =IF(M$6="","",IF(WEEKDAY(M$6,1)=1,M49*M48,0)) | N52: =IF(N$6="","",IF(WEEKDAY(N$6,1)=1,N49*N48,0)) | O52: =IF(O$6="","",IF(WEEKDAY(O$6,1)=1,O49*O48,0)) | P52: =IF(P$6="","",IF(WEEKDAY(P$6,1)=1,P49*P48,0)) | Q52: =IF(Q$6="","",IF(WEEKDAY(Q$6,1)=1,Q49*Q48,0)) | R52: =IF(R$6="","",IF(WEEKDAY(R$6,1)=1,R49*R48,0)) | S52: =IF(S$6="","",IF(WEEKDAY(S$6,1)=1,S49*S48,0)) | ... AQ52: =IF(AQ$6="","",IF(WEEKDAY(AQ$6,1)=1,AQ49*AQ48,0)) | OV52: cr-1787762351054-x15wg|night
B53: =SUM(L53:AQ53) | D53: =B53*E53 | E53: 140 | F53: PD | L53: 1 | M53: 1 | N53: 1 | O53: 1 | P53: 1 | Q53: 0 | R53: 0 | S53: 1 | T53: 1 | U53: 1 | V53: 1 | W53: 1 | X53: 1 | Y53: 1 | Z53: 1 | AA53: 1 | AB53: 1 | AC53: 1 | AD53: 1 | AE53: 1 | AF53: 1 | AG53: 1 | AH53: 1 | AI53: 1 | AJ53: 0 | AK53: 0 | AL53: 0 | AM53: 0 | AN53: 0 | AO53: 0 | AP53: 0 | AQ53: 0 | OV53: cr-1787762351054-x15wg|night
A55: DAYSHIFT | B55: =G55+H55+I55 | C55: Pipefitter General Foreman | D55: =K55 | F55: TITLE | G55: =B58 | H55: =B59 | I55: =B60 | J55: =B61 | K55: =D58+D59+D60 | OV55: cr-1787763765587-o1zgp|day
F56: HC | L56: 1 | M56: 1 | N56: 1 | O56: 1 | P56: 1 | Q56: 0 | R56: 0 | S56: 1 | T56: 1 | U56: 1 | V56: 1 | W56: 1 | X56: 1 | Y56: 1 | Z56: 1 | AA56: 1 | AB56: 1 | AC56: 1 | AD56: 1 | AE56: 1 | AF56: 1 | AG56: 1 | AH56: 1 | AI56: 1 | AJ56: 1 | AK56: 1 | AL56: 0 | AM56: 0 | AN56: 1 | AO56: 1 | AP56: 1 | AQ56: 1 | OV56: cr-1787763765587-o1zgp|day
A57: Enter Hours Per shift Here | F57: HPS | L57: 8 | M57: 8 | N57: 8 | O57: 8 | P57: 8 | Q57: 0 | R57: 0 | S57: 8 | T57: 8 | U57: 8 | V57: 12 | W57: 12 | X57: 12 | Y57: 12 | Z57: 12 | AA57: 12 | AB57: 12 | AC57: 12 | AD57: 12 | AE57: 12 | AF57: 12 | AG57: 12 | AH57: 12 | AI57: 12 | AJ57: 8 | AK57: 8 | AL57: 0 | AM57: 0 | AN57: 8 | AO57: 8 | AP57: 8 | AQ57: 8 | OV57: cr-1787763765587-o1zgp|day
B58: =SUM(L58:AQ58) | D58: =B58*E58 | E58: ='Rate Tables'!C10 | F58: ST | L58: =IF(L$6="","",IF(OR(WEEKDAY(L$6,1)=1,WEEKDAY(L$6,1)=7),0,MIN(8,L57)*L56)) | M58: =IF(M$6="","",IF(OR(WEEKDAY(M$6,1)=1,WEEKDAY(M$6,1)=7),0,MIN(8,M57)*M56)) | N58: =IF(N$6="","",IF(OR(WEEKDAY(N$6,1)=1,WEEKDAY(N$6,1)=7),0,MIN(8,N57)*N56)) | O58: =IF(O$6="","",IF(OR(WEEKDAY(O$6,1)=1,WEEKDAY(O$6,1)=7),0,MIN(8,O57)*O56)) | P58: =IF(P$6="","",IF(OR(WEEKDAY(P$6,1)=1,WEEKDAY(P$6,1)=7),0,MIN(8,P57)*P56)) | Q58: =IF(Q$6="","",IF(OR(WEEKDAY(Q$6,1)=1,WEEKDAY(Q$6,1)=7),0,MIN(8,Q57)*Q56)) | R58: =IF(R$6="","",IF(OR(WEEKDAY(R$6,1)=1,WEEKDAY(R$6,1)=7),0,MIN(8,R57)*R56)) | S58: =IF(S$6="","",IF(OR(WEEKDAY(S$6,1)=1,WEEKDAY(S$6,1)=7),0,MIN(8,S57)*S56)) | ... AQ58: =IF(AQ$6="","",IF(OR(WEEKDAY(AQ$6,1)=1,WEEKDAY(AQ$6,1)=7),0,MIN(8,AQ57)*AQ56)) | OV58: cr-1787763765587-o1zgp|day
B59: =SUM(L59:AQ59) | D59: =B59*E59 | E59: ='Rate Tables'!D10 | F59: OT | L59: =IF(L$6="","",IF(WEEKDAY(L$6,1)=1,0,IF(WEEKDAY(L$6,1)=7,L57*L56,MAX(0,L57-8)*L56))) | M59: =IF(M$6="","",IF(WEEKDAY(M$6,1)=1,0,IF(WEEKDAY(M$6,1)=7,M57*M56,MAX(0,M57-8)*M56))) | N59: =IF(N$6="","",IF(WEEKDAY(N$6,1)=1,0,IF(WEEKDAY(N$6,1)=7,N57*N56,MAX(0,N57-8)*N56))) | O59: =IF(O$6="","",IF(WEEKDAY(O$6,1)=1,0,IF(WEEKDAY(O$6,1)=7,O57*O56,MAX(0,O57-8)*O56))) | P59: =IF(P$6="","",IF(WEEKDAY(P$6,1)=1,0,IF(WEEKDAY(P$6,1)=7,P57*P56,MAX(0,P57-8)*P56))) | Q59: =IF(Q$6="","",IF(WEEKDAY(Q$6,1)=1,0,IF(WEEKDAY(Q$6,1)=7,Q57*Q56,MAX(0,Q57-8)*Q56))) | R59: =IF(R$6="","",IF(WEEKDAY(R$6,1)=1,0,IF(WEEKDAY(R$6,1)=7,R57*R56,MAX(0,R57-8)*R56))) | S59: =IF(S$6="","",IF(WEEKDAY(S$6,1)=1,0,IF(WEEKDAY(S$6,1)=7,S57*S56,MAX(0,S57-8)*S56))) | ... AQ59: =IF(AQ$6="","",IF(WEEKDAY(AQ$6,1)=1,0,IF(WEEKDAY(AQ$6,1)=7,AQ57*AQ56,MAX(0,AQ57-8)*AQ56))) | OV59: cr-1787763765587-o1zgp|day
B60: =SUM(L60:AQ60) | D60: =B60*E60 | E60: ='Rate Tables'!E10 | F60: DT | L60: =IF(L$6="","",IF(WEEKDAY(L$6,1)=1,L57*L56,0)) | M60: =IF(M$6="","",IF(WEEKDAY(M$6,1)=1,M57*M56,0)) | N60: =IF(N$6="","",IF(WEEKDAY(N$6,1)=1,N57*N56,0)) | O60: =IF(O$6="","",IF(WEEKDAY(O$6,1)=1,O57*O56,0)) | P60: =IF(P$6="","",IF(WEEKDAY(P$6,1)=1,P57*P56,0)) | Q60: =IF(Q$6="","",IF(WEEKDAY(Q$6,1)=1,Q57*Q56,0)) | R60: =IF(R$6="","",IF(WEEKDAY(R$6,1)=1,R57*R56,0)) | S60: =IF(S$6="","",IF(WEEKDAY(S$6,1)=1,S57*S56,0)) | ... AQ60: =IF(AQ$6="","",IF(WEEKDAY(AQ$6,1)=1,AQ57*AQ56,0)) | OV60: cr-1787763765587-o1zgp|day
B61: =SUM(L61:AQ61) | D61: =B61*E61 | E61: 140 | F61: PD | L61: 1 | M61: 1 | N61: 1 | O61: 1 | P61: 1 | Q61: 0 | R61: 0 | S61: 1 | T61: 1 | U61: 1 | V61: 1 | W61: 1 | X61: 1 | Y61: 1 | Z61: 1 | AA61: 1 | AB61: 1 | AC61: 1 | AD61: 1 | AE61: 1 | AF61: 1 | AG61: 1 | AH61: 1 | AI61: 1 | AJ61: 0 | AK61: 0 | AL61: 0 | AM61: 0 | AN61: 0 | AO61: 0 | AP61: 0 | AQ61: 0 | OV61: cr-1787763765587-o1zgp|day
A63: NIGHTSHIFT | B63: =G63+H63+I63 | C63: Pipefitter General Foreman | D63: =K63 | F63: TITLE | G63: =B66 | H63: =B67 | I63: =B68 | J63: =B69 | K63: =D66+D67+D68 | OV63: cr-1787763765587-o1zgp|night
F64: HC | L64: 1 | M64: 1 | N64: 1 | O64: 1 | P64: 1 | Q64: 0 | R64: 0 | S64: 1 | T64: 1 | U64: 1 | V64: 1 | W64: 1 | X64: 1 | Y64: 1 | Z64: 1 | AA64: 1 | AB64: 1 | AC64: 1 | AD64: 1 | AE64: 1 | AF64: 1 | AG64: 1 | AH64: 1 | AI64: 1 | AJ64: 0 | AK64: 0 | AL64: 0 | AM64: 0 | AN64: 0 | AO64: 0 | AP64: 0 | AQ64: 0 | OV64: cr-1787763765587-o1zgp|night
A65: Enter Hours Per shift Here | F65: HPS | L65: 8 | M65: 8 | N65: 8 | O65: 8 | P65: 8 | Q65: 0 | R65: 0 | S65: 8 | T65: 8 | U65: 8 | V65: 12 | W65: 12 | X65: 12 | Y65: 12 | Z65: 12 | AA65: 12 | AB65: 12 | AC65: 12 | AD65: 12 | AE65: 12 | AF65: 12 | AG65: 12 | AH65: 12 | AI65: 12 | AJ65: 0 | AK65: 0 | AL65: 0 | AM65: 0 | AN65: 0 | AO65: 0 | AP65: 0 | AQ65: 0 | OV65: cr-1787763765587-o1zgp|night
B66: =SUM(L66:AQ66) | D66: =B66*E66 | E66: ='Rate Tables'!C10 | F66: ST | L66: =IF(L$6="","",IF(OR(WEEKDAY(L$6,1)=1,WEEKDAY(L$6,1)=7),0,MIN(8,L65)*L64)) | M66: =IF(M$6="","",IF(OR(WEEKDAY(M$6,1)=1,WEEKDAY(M$6,1)=7),0,MIN(8,M65)*M64)) | N66: =IF(N$6="","",IF(OR(WEEKDAY(N$6,1)=1,WEEKDAY(N$6,1)=7),0,MIN(8,N65)*N64)) | O66: =IF(O$6="","",IF(OR(WEEKDAY(O$6,1)=1,WEEKDAY(O$6,1)=7),0,MIN(8,O65)*O64)) | P66: =IF(P$6="","",IF(OR(WEEKDAY(P$6,1)=1,WEEKDAY(P$6,1)=7),0,MIN(8,P65)*P64)) | Q66: =IF(Q$6="","",IF(OR(WEEKDAY(Q$6,1)=1,WEEKDAY(Q$6,1)=7),0,MIN(8,Q65)*Q64)) | R66: =IF(R$6="","",IF(OR(WEEKDAY(R$6,1)=1,WEEKDAY(R$6,1)=7),0,MIN(8,R65)*R64)) | S66: =IF(S$6="","",IF(OR(WEEKDAY(S$6,1)=1,WEEKDAY(S$6,1)=7),0,MIN(8,S65)*S64)) | ... AQ66: =IF(AQ$6="","",IF(OR(WEEKDAY(AQ$6,1)=1,WEEKDAY(AQ$6,1)=7),0,MIN(8,AQ65)*AQ64)) | OV66: cr-1787763765587-o1zgp|night
B67: =SUM(L67:AQ67) | D67: =B67*E67 | E67: ='Rate Tables'!D10 | F67: OT | L67: =IF(L$6="","",IF(WEEKDAY(L$6,1)=1,0,IF(WEEKDAY(L$6,1)=7,L65*L64,MAX(0,L65-8)*L64))) | M67: =IF(M$6="","",IF(WEEKDAY(M$6,1)=1,0,IF(WEEKDAY(M$6,1)=7,M65*M64,MAX(0,M65-8)*M64))) | N67: =IF(N$6="","",IF(WEEKDAY(N$6,1)=1,0,IF(WEEKDAY(N$6,1)=7,N65*N64,MAX(0,N65-8)*N64))) | O67: =IF(O$6="","",IF(WEEKDAY(O$6,1)=1,0,IF(WEEKDAY(O$6,1)=7,O65*O64,MAX(0,O65-8)*O64))) | P67: =IF(P$6="","",IF(WEEKDAY(P$6,1)=1,0,IF(WEEKDAY(P$6,1)=7,P65*P64,MAX(0,P65-8)*P64))) | Q67: =IF(Q$6="","",IF(WEEKDAY(Q$6,1)=1,0,IF(WEEKDAY(Q$6,1)=7,Q65*Q64,MAX(0,Q65-8)*Q64))) | R67: =IF(R$6="","",IF(WEEKDAY(R$6,1)=1,0,IF(WEEKDAY(R$6,1)=7,R65*R64,MAX(0,R65-8)*R64))) | S67: =IF(S$6="","",IF(WEEKDAY(S$6,1)=1,0,IF(WEEKDAY(S$6,1)=7,S65*S64,MAX(0,S65-8)*S64))) | ... AQ67: =IF(AQ$6="","",IF(WEEKDAY(AQ$6,1)=1,0,IF(WEEKDAY(AQ$6,1)=7,AQ65*AQ64,MAX(0,AQ65-8)*AQ64))) | OV67: cr-1787763765587-o1zgp|night
B68: =SUM(L68:AQ68) | D68: =B68*E68 | E68: ='Rate Tables'!E10 | F68: DT | L68: =IF(L$6="","",IF(WEEKDAY(L$6,1)=1,L65*L64,0)) | M68: =IF(M$6="","",IF(WEEKDAY(M$6,1)=1,M65*M64,0)) | N68: =IF(N$6="","",IF(WEEKDAY(N$6,1)=1,N65*N64,0)) | O68: =IF(O$6="","",IF(WEEKDAY(O$6,1)=1,O65*O64,0)) | P68: =IF(P$6="","",IF(WEEKDAY(P$6,1)=1,P65*P64,0)) | Q68: =IF(Q$6="","",IF(WEEKDAY(Q$6,1)=1,Q65*Q64,0)) | R68: =IF(R$6="","",IF(WEEKDAY(R$6,1)=1,R65*R64,0)) | S68: =IF(S$6="","",IF(WEEKDAY(S$6,1)=1,S65*S64,0)) | ... AQ68: =IF(AQ$6="","",IF(WEEKDAY(AQ$6,1)=1,AQ65*AQ64,0)) | OV68: cr-1787763765587-o1zgp|night
B69: =SUM(L69:AQ69) | D69: =B69*E69 | E69: 140 | F69: PD | L69: 1 | M69: 1 | N69: 1 | O69: 1 | P69: 1 | Q69: 0 | R69: 0 | S69: 1 | T69: 1 | U69: 1 | V69: 1 | W69: 1 | X69: 1 | Y69: 1 | Z69: 1 | AA69: 1 | AB69: 1 | AC69: 1 | AD69: 1 | AE69: 1 | AF69: 1 | AG69: 1 | AH69: 1 | AI69: 1 | AJ69: 0 | AK69: 0 | AL69: 0 | AM69: 0 | AN69: 0 | AO69: 0 | AP69: 0 | AQ69: 0 | OV69: cr-1787763765587-o1zgp|night
A70: TOTAL | B70: =SUM(B7,B15,B23,B31,B39,B47,B55,B63) | D70: =SUM(D13,D21,D29,D37,D45,D53,D61,D69) | G70: =SUM(G7,G15,G23,G31,G39,G47,G55,G63) | H70: =SUM(H7,H15,H23,H31,H39,H47,H55,H63) | I70: =SUM(I7,I15,I23,I31,I39,I47,I55,I63) | J70: =SUM(J7,J15,J23,J31,J39,J47,J55,J63) | K70: =SUM(K7,K15,K23,K31,K39,K47,K55,K63)

Sheet Foremen
A1: HIT SQUAD / PROJECT CONTROLS
A2: Produced by Hit Squad Project Controls · Confidential estimate package
A3: Madison CAT 2 (Pit Stop)
A4: Phillips 66 · Wood River — Roxana, IL · East Coast (PCA0001103)
A5: Produced Sep 4, 2026 | B5: 46269.757
A6: Shift | B6: Total Billable | C6: Position | D6: Sub Total $ | E6: Rate | F6: Type | G6: ST Hrs | H6: OT Hrs | I6: DT Hrs | J6: PD Days | K6: Labor $ | L6: 46286 | M6: =L6+1 | N6: =M6+1 | O6: =N6+1 | P6: =O6+1 | Q6: =P6+1 | R6: =Q6+1 | S6: =R6+1 | T6: =S6+1 | ... AQ6: =AP6+1
A7: DAYSHIFT | B7: =G7+H7+I7 | C7: Pipefitter Foreman | D7: =K7 | F7: TITLE | G7: =B10 | H7: =B11 | I7: =B12 | J7: =B13 | K7: =D10+D11+D12 | OV7: cr-1787763837290-77aw3|day
F8: HC | L8: 2 | M8: 2 | N8: 2 | O8: 2 | P8: 2 | Q8: 0 | R8: 0 | S8: 2 | T8: 2 | U8: 2 | V8: 2 | W8: 2 | X8: 2 | Y8: 2 | Z8: 2 | AA8: 2 | AB8: 2 | AC8: 2 | AD8: 2 | AE8: 2 | AF8: 2 | AG8: 2 | AH8: 2 | AI8: 2 | AJ8: 1 | AK8: 1 | AL8: 0 | AM8: 0 | AN8: 1 | AO8: 1 | AP8: 1 | AQ8: 1 | OV8: cr-1787763837290-77aw3|day
A9: Enter Hours Per shift Here | F9: HPS | L9: 8 | M9: 8 | N9: 8 | O9: 8 | P9: 8 | Q9: 0 | R9: 0 | S9: 8 | T9: 8 | U9: 8 | V9: 12 | W9: 12 | X9: 12 | Y9: 12 | Z9: 12 | AA9: 12 | AB9: 12 | AC9: 12 | AD9: 12 | AE9: 12 | AF9: 12 | AG9: 12 | AH9: 12 | AI9: 12 | AJ9: 8 | AK9: 8 | AL9: 0 | AM9: 0 | AN9: 8 | AO9: 8 | AP9: 8 | AQ9: 8 | OV9: cr-1787763837290-77aw3|day
B10: =SUM(L10:AQ10) | D10: =B10*E10 | E10: ='Rate Tables'!C11 | F10: ST | L10: =IF(L$6="","",IF(OR(WEEKDAY(L$6,1)=1,WEEKDAY(L$6,1)=7),0,MIN(8,L9)*L8)) | M10: =IF(M$6="","",IF(OR(WEEKDAY(M$6,1)=1,WEEKDAY(M$6,1)=7),0,MIN(8,M9)*M8)) | N10: =IF(N$6="","",IF(OR(WEEKDAY(N$6,1)=1,WEEKDAY(N$6,1)=7),0,MIN(8,N9)*N8)) | O10: =IF(O$6="","",IF(OR(WEEKDAY(O$6,1)=1,WEEKDAY(O$6,1)=7),0,MIN(8,O9)*O8)) | P10: =IF(P$6="","",IF(OR(WEEKDAY(P$6,1)=1,WEEKDAY(P$6,1)=7),0,MIN(8,P9)*P8)) | Q10: =IF(Q$6="","",IF(OR(WEEKDAY(Q$6,1)=1,WEEKDAY(Q$6,1)=7),0,MIN(8,Q9)*Q8)) | R10: =IF(R$6="","",IF(OR(WEEKDAY(R$6,1)=1,WEEKDAY(R$6,1)=7),0,MIN(8,R9)*R8)) | S10: =IF(S$6="","",IF(OR(WEEKDAY(S$6,1)=1,WEEKDAY(S$6,1)=7),0,MIN(8,S9)*S8)) | ... AQ10: =IF(AQ$6="","",IF(OR(WEEKDAY(AQ$6,1)=1,WEEKDAY(AQ$6,1)=7),0,MIN(8,AQ9)*AQ8)) | OV10: cr-1787763837290-77aw3|day
B11: =SUM(L11:AQ11) | D11: =B11*E11 | E11: ='Rate Tables'!D11 | F11: OT | L11: =IF(L$6="","",IF(WEEKDAY(L$6,1)=1,0,IF(WEEKDAY(L$6,1)=7,L9*L8,MAX(0,L9-8)*L8))) | M11: =IF(M$6="","",IF(WEEKDAY(M$6,1)=1,0,IF(WEEKDAY(M$6,1)=7,M9*M8,MAX(0,M9-8)*M8))) | N11: =IF(N$6="","",IF(WEEKDAY(N$6,1)=1,0,IF(WEEKDAY(N$6,1)=7,N9*N8,MAX(0,N9-8)*N8))) | O11: =IF(O$6="","",IF(WEEKDAY(O$6,1)=1,0,IF(WEEKDAY(O$6,1)=7,O9*O8,MAX(0,O9-8)*O8))) | P11: =IF(P$6="","",IF(WEEKDAY(P$6,1)=1,0,IF(WEEKDAY(P$6,1)=7,P9*P8,MAX(0,P9-8)*P8))) | Q11: =IF(Q$6="","",IF(WEEKDAY(Q$6,1)=1,0,IF(WEEKDAY(Q$6,1)=7,Q9*Q8,MAX(0,Q9-8)*Q8))) | R11: =IF(R$6="","",IF(WEEKDAY(R$6,1)=1,0,IF(WEEKDAY(R$6,1)=7,R9*R8,MAX(0,R9-8)*R8))) | S11: =IF(S$6="","",IF(WEEKDAY(S$6,1)=1,0,IF(WEEKDAY(S$6,1)=7,S9*S8,MAX(0,S9-8)*S8))) | ... AQ11: =IF(AQ$6="","",IF(WEEKDAY(AQ$6,1)=1,0,IF(WEEKDAY(AQ$6,1)=7,AQ9*AQ8,MAX(0,AQ9-8)*AQ8))) | OV11: cr-1787763837290-77aw3|day
B12: =SUM(L12:AQ12) | D12: =B12*E12 | E12: ='Rate Tables'!E11 | F12: DT | L12: =IF(L$6="","",IF(WEEKDAY(L$6,1)=1,L9*L8,0)) | M12: =IF(M$6="","",IF(WEEKDAY(M$6,1)=1,M9*M8,0)) | N12: =IF(N$6="","",IF(WEEKDAY(N$6,1)=1,N9*N8,0)) | O12: =IF(O$6="","",IF(WEEKDAY(O$6,1)=1,O9*O8,0)) | P12: =IF(P$6="","",IF(WEEKDAY(P$6,1)=1,P9*P8,0)) | Q12: =IF(Q$6="","",IF(WEEKDAY(Q$6,1)=1,Q9*Q8,0)) | R12: =IF(R$6="","",IF(WEEKDAY(R$6,1)=1,R9*R8,0)) | S12: =IF(S$6="","",IF(WEEKDAY(S$6,1)=1,S9*S8,0)) | ... AQ12: =IF(AQ$6="","",IF(WEEKDAY(AQ$6,1)=1,AQ9*AQ8,0)) | OV12: cr-1787763837290-77aw3|day
B13: =SUM(L13:AQ13) | D13: =B13*E13 | E13: 130 | F13: PD | L13: 2 | M13: 2 | N13: 2 | O13: 2 | P13: 2 | Q13: 0 | R13: 0 | S13: 2 | T13: 2 | U13: 2 | V13: 2 | W13: 2 | X13: 2 | Y13: 2 | Z13: 2 | AA13: 2 | AB13: 2 | AC13: 2 | AD13: 2 | AE13: 2 | AF13: 2 | AG13: 2 | AH13: 2 | AI13: 2 | AJ13: 1 | AK13: 1 | AL13: 0 | AM13: 0 | AN13: 1 | AO13: 1 | AP13: 1 | AQ13: 1 | OV13: cr-1787763837290-77aw3|day
A15: NIGHTSHIFT | B15: =G15+H15+I15 | C15: Pipefitter Foreman | D15: =K15 | F15: TITLE | G15: =B18 | H15: =B19 | I15: =B20 | J15: =B21 | K15: =D18+D19+D20 | OV15: cr-1787763837290-77aw3|night
F16: HC | L16: 2 | M16: 2 | N16: 2 | O16: 2 | P16: 2 | Q16: 0 | R16: 0 | S16: 2 | T16: 2 | U16: 2 | V16: 2 | W16: 2 | X16: 2 | Y16: 2 | Z16: 2 | AA16: 2 | AB16: 2 | AC16: 2 | AD16: 2 | AE16: 2 | AF16: 2 | AG16: 2 | AH16: 2 | AI16: 2 | AJ16: 0 | AK16: 0 | AL16: 0 | AM16: 0 | AN16: 0 | AO16: 0 | AP16: 0 | AQ16: 0 | OV16: cr-1787763837290-77aw3|night
A17: Enter Hours Per shift Here | F17: HPS | L17: 8 | M17: 8 | N17: 8 | O17: 8 | P17: 8 | Q17: 0 | R17: 0 | S17: 8 | T17: 8 | U17: 8 | V17: 12 | W17: 12 | X17: 12 | Y17: 12 | Z17: 12 | AA17: 12 | AB17: 12 | AC17: 12 | AD17: 12 | AE17: 12 | AF17: 12 | AG17: 12 | AH17: 12 | AI17: 12 | AJ17: 0 | AK17: 0 | AL17: 0 | AM17: 0 | AN17: 0 | AO17: 0 | AP17: 0 | AQ17: 0 | OV17: cr-1787763837290-77aw3|night
B18: =SUM(L18:AQ18) | D18: =B18*E18 | E18: ='Rate Tables'!C11 | F18: ST | L18: =IF(L$6="","",IF(OR(WEEKDAY(L$6,1)=1,WEEKDAY(L$6,1)=7),0,MIN(8,L17)*L16)) | M18: =IF(M$6="","",IF(OR(WEEKDAY(M$6,1)=1,WEEKDAY(M$6,1)=7),0,MIN(8,M17)*M16)) | N18: =IF(N$6="","",IF(OR(WEEKDAY(N$6,1)=1,WEEKDAY(N$6,1)=7),0,MIN(8,N17)*N16)) | O18: =IF(O$6="","",IF(OR(WEEKDAY(O$6,1)=1,WEEKDAY(O$6,1)=7),0,MIN(8,O17)*O16)) | P18: =IF(P$6="","",IF(OR(WEEKDAY(P$6,1)=1,WEEKDAY(P$6,1)=7),0,MIN(8,P17)*P16)) | Q18: =IF(Q$6="","",IF(OR(WEEKDAY(Q$6,1)=1,WEEKDAY(Q$6,1)=7),0,MIN(8,Q17)*Q16)) | R18: =IF(R$6="","",IF(OR(WEEKDAY(R$6,1)=1,WEEKDAY(R$6,1)=7),0,MIN(8,R17)*R16)) | S18: =IF(S$6="","",IF(OR(WEEKDAY(S$6,1)=1,WEEKDAY(S$6,1)=7),0,MIN(8,S17)*S16)) | ... AQ18: =IF(AQ$6="","",IF(OR(WEEKDAY(AQ$6,1)=1,WEEKDAY(AQ$6,1)=7),0,MIN(8,AQ17)*AQ16)) | OV18: cr-1787763837290-77aw3|night
B19: =SUM(L19:AQ19) | D19: =B19*E19 | E19: ='Rate Tables'!D11 | F19: OT | L19: =IF(L$6="","",IF(WEEKDAY(L$6,1)=1,0,IF(WEEKDAY(L$6,1)=7,L17*L16,MAX(0,L17-8)*L16))) | M19: =IF(M$6="","",IF(WEEKDAY(M$6,1)=1,0,IF(WEEKDAY(M$6,1)=7,M17*M16,MAX(0,M17-8)*M16))) | N19: =IF(N$6="","",IF(WEEKDAY(N$6,1)=1,0,IF(WEEKDAY(N$6,1)=7,N17*N16,MAX(0,N17-8)*N16))) | O19: =IF(O$6="","",IF(WEEKDAY(O$6,1)=1,0,IF(WEEKDAY(O$6,1)=7,O17*O16,MAX(0,O17-8)*O16))) | P19: =IF(P$6="","",IF(WEEKDAY(P$6,1)=1,0,IF(WEEKDAY(P$6,1)=7,P17*P16,MAX(0,P17-8)*P16))) | Q19: =IF(Q$6="","",IF(WEEKDAY(Q$6,1)=1,0,IF(WEEKDAY(Q$6,1)=7,Q17*Q16,MAX(0,Q17-8)*Q16))) | R19: =IF(R$6="","",IF(WEEKDAY(R$6,1)=1,0,IF(WEEKDAY(R$6,1)=7,R17*R16,MAX(0,R17-8)*R16))) | S19: =IF(S$6="","",IF(WEEKDAY(S$6,1)=1,0,IF(WEEKDAY(S$6,1)=7,S17*S16,MAX(0,S17-8)*S16))) | ... AQ19: =IF(AQ$6="","",IF(WEEKDAY(AQ$6,1)=1,0,IF(WEEKDAY(AQ$6,1)=7,AQ17*AQ16,MAX(0,AQ17-8)*AQ16))) | OV19: cr-1787763837290-77aw3|night
B20: =SUM(L20:AQ20) | D20: =B20*E20 | E20: ='Rate Tables'!E11 | F20: DT | L20: =IF(L$6="","",IF(WEEKDAY(L$6,1)=1,L17*L16,0)) | M20: =IF(M$6="","",IF(WEEKDAY(M$6,1)=1,M17*M16,0)) | N20: =IF(N$6="","",IF(WEEKDAY(N$6,1)=1,N17*N16,0)) | O20: =IF(O$6="","",IF(WEEKDAY(O$6,1)=1,O17*O16,0)) | P20: =IF(P$6="","",IF(WEEKDAY(P$6,1)=1,P17*P16,0)) | Q20: =IF(Q$6="","",IF(WEEKDAY(Q$6,1)=1,Q17*Q16,0)) | R20: =IF(R$6="","",IF(WEEKDAY(R$6,1)=1,R17*R16,0)) | S20: =IF(S$6="","",IF(WEEKDAY(S$6,1)=1,S17*S16,0)) | ... AQ20: =IF(AQ$6="","",IF(WEEKDAY(AQ$6,1)=1,AQ17*AQ16,0)) | OV20: cr-1787763837290-77aw3|night
B21: =SUM(L21:AQ21) | D21: =B21*E21 | E21: 130 | F21: PD | L21: 2 | M21: 2 | N21: 2 | O21: 2 | P21: 2 | Q21: 0 | R21: 0 | S21: 2 | T21: 2 | U21: 2 | V21: 2 | W21: 2 | X21: 2 | Y21: 2 | Z21: 2 | AA21: 2 | AB21: 2 | AC21: 2 | AD21: 2 | AE21: 2 | AF21: 2 | AG21: 2 | AH21: 2 | AI21: 2 | AJ21: 0 | AK21: 0 | AL21: 0 | AM21: 0 | AN21: 0 | AO21: 0 | AP21: 0 | AQ21: 0 | OV21: cr-1787763837290-77aw3|night
A22: TOTAL | B22: =SUM(B7,B15) | D22: =SUM(D13,D21) | G22: =SUM(G7,G15) | H22: =SUM(H7,H15) | I22: =SUM(I7,I15) | J22: =SUM(J7,J15) | K22: =SUM(K7,K15)

Sheet Direct
A1: HIT SQUAD / PROJECT CONTROLS
A2: Produced by Hit Squad Project Controls · Confidential estimate package
A3: Madison CAT 2 (Pit Stop)
A4: Phillips 66 · Wood River — Roxana, IL · East Coast (PCA0001103)
A5: Produced Sep 4, 2026 | B5: 46269.757
A6: Shift | B6: Total Billable | C6: Position | D6: Sub Total $ | E6: Rate | F6: Type | G6: ST Hrs | H6: OT Hrs | I6: DT Hrs | J6: PD Days | K6: Labor $ | L6: 46286 | M6: =L6+1 | N6: =M6+1 | O6: =N6+1 | P6: =O6+1 | Q6: =P6+1 | R6: =Q6+1 | S6: =R6+1 | T6: =S6+1 | ... AQ6: =AP6+1
A7: DAYSHIFT | B7: =G7+H7+I7 | C7: Pipefitter Journeyman | D7: =K7 | F7: TITLE | G7: =B10 | H7: =B11 | I7: =B12 | J7: =B13 | K7: =D10+D11+D12 | OV7: cr-1787764763277-txdnp|day
F8: HC | L8: 8 | M8: 8 | N8: 8 | O8: 8 | P8: 8 | Q8: 0 | R8: 0 | S8: 8 | T8: 8 | U8: 8 | V8: 18 | W8: 18 | X8: 18 | Y8: 18 | Z8: 18 | AA8: 18 | AB8: 18 | AC8: 18 | AD8: 18 | AE8: 18 | AF8: 18 | AG8: 18 | AH8: 18 | AI8: 18 | AJ8: 8 | AK8: 8 | AL8: 0 | AM8: 0 | AN8: 8 | AO8: 8 | AP8: 8 | AQ8: 8 | OV8: cr-1787764763277-txdnp|day
A9: Enter Hours Per shift Here | F9: HPS | L9: 8 | M9: 8 | N9: 8 | O9: 8 | P9: 8 | Q9: 0 | R9: 0 | S9: 8 | T9: 8 | U9: 8 | V9: 12 | W9: 12 | X9: 12 | Y9: 12 | Z9: 12 | AA9: 12 | AB9: 12 | AC9: 12 | AD9: 12 | AE9: 12 | AF9: 12 | AG9: 12 | AH9: 12 | AI9: 12 | AJ9: 8 | AK9: 8 | AL9: 0 | AM9: 0 | AN9: 8 | AO9: 8 | AP9: 8 | AQ9: 8 | OV9: cr-1787764763277-txdnp|day
B10: =SUM(L10:AQ10) | D10: =B10*E10 | E10: ='Rate Tables'!C12 | F10: ST | L10: =IF(L$6="","",IF(OR(WEEKDAY(L$6,1)=1,WEEKDAY(L$6,1)=7),0,MIN(8,L9)*L8)) | M10: =IF(M$6="","",IF(OR(WEEKDAY(M$6,1)=1,WEEKDAY(M$6,1)=7),0,MIN(8,M9)*M8)) | N10: =IF(N$6="","",IF(OR(WEEKDAY(N$6,1)=1,WEEKDAY(N$6,1)=7),0,MIN(8,N9)*N8)) | O10: =IF(O$6="","",IF(OR(WEEKDAY(O$6,1)=1,WEEKDAY(O$6,1)=7),0,MIN(8,O9)*O8)) | P10: =IF(P$6="","",IF(OR(WEEKDAY(P$6,1)=1,WEEKDAY(P$6,1)=7),0,MIN(8,P9)*P8)) | Q10: =IF(Q$6="","",IF(OR(WEEKDAY(Q$6,1)=1,WEEKDAY(Q$6,1)=7),0,MIN(8,Q9)*Q8)) | R10: =IF(R$6="","",IF(OR(WEEKDAY(R$6,1)=1,WEEKDAY(R$6,1)=7),0,MIN(8,R9)*R8)) | S10: =IF(S$6="","",IF(OR(WEEKDAY(S$6,1)=1,WEEKDAY(S$6,1)=7),0,MIN(8,S9)*S8)) | ... AQ10: =IF(AQ$6="","",IF(OR(WEEKDAY(AQ$6,1)=1,WEEKDAY(AQ$6,1)=7),0,MIN(8,AQ9)*AQ8)) | OV10: cr-1787764763277-txdnp|day
B11: =SUM(L11:AQ11) | D11: =B11*E11 | E11: ='Rate Tables'!D12 | F11: OT | L11: =IF(L$6="","",IF(WEEKDAY(L$6,1)=1,0,IF(WEEKDAY(L$6,1)=7,L9*L8,MAX(0,L9-8)*L8))) | M11: =IF(M$6="","",IF(WEEKDAY(M$6,1)=1,0,IF(WEEKDAY(M$6,1)=7,M9*M8,MAX(0,M9-8)*M8))) | N11: =IF(N$6="","",IF(WEEKDAY(N$6,1)=1,0,IF(WEEKDAY(N$6,1)=7,N9*N8,MAX(0,N9-8)*N8))) | O11: =IF(O$6="","",IF(WEEKDAY(O$6,1)=1,0,IF(WEEKDAY(O$6,1)=7,O9*O8,MAX(0,O9-8)*O8))) | P11: =IF(P$6="","",IF(WEEKDAY(P$6,1)=1,0,IF(WEEKDAY(P$6,1)=7,P9*P8,MAX(0,P9-8)*P8))) | Q11: =IF(Q$6="","",IF(WEEKDAY(Q$6,1)=1,0,IF(WEEKDAY(Q$6,1)=7,Q9*Q8,MAX(0,Q9-8)*Q8))) | R11: =IF(R$6="","",IF(WEEKDAY(R$6,1)=1,0,IF(WEEKDAY(R$6,1)=7,R9*R8,MAX(0,R9-8)*R8))) | S11: =IF(S$6="","",IF(WEEKDAY(S$6,1)=1,0,IF(WEEKDAY(S$6,1)=7,S9*S8,MAX(0,S9-8)*S8))) | ... AQ11: =IF(AQ$6="","",IF(WEEKDAY(AQ$6,1)=1,0,IF(WEEKDAY(AQ$6,1)=7,AQ9*AQ8,MAX(0,AQ9-8)*AQ8))) | OV11: cr-1787764763277-txdnp|day
B12: =SUM(L12:AQ12) | D12: =B12*E12 | E12: ='Rate Tables'!E12 | F12: DT | L12: =IF(L$6="","",IF(WEEKDAY(L$6,1)=1,L9*L8,0)) | M12: =IF(M$6="","",IF(WEEKDAY(M$6,1)=1,M9*M8,0)) | N12: =IF(N$6="","",IF(WEEKDAY(N$6,1)=1,N9*N8,0)) | O12: =IF(O$6="","",IF(WEEKDAY(O$6,1)=1,O9*O8,0)) | P12: =IF(P$6="","",IF(WEEKDAY(P$6,1)=1,P9*P8,0)) | Q12: =IF(Q$6="","",IF(WEEKDAY(Q$6,1)=1,Q9*Q8,0)) | R12: =IF(R$6="","",IF(WEEKDAY(R$6,1)=1,R9*R8,0)) | S12: =IF(S$6="","",IF(WEEKDAY(S$6,1)=1,S9*S8,0)) | ... AQ12: =IF(AQ$6="","",IF(WEEKDAY(AQ$6,1)=1,AQ9*AQ8,0)) | OV12: cr-1787764763277-txdnp|day
B13: =SUM(L13:AQ13) | D13: =B13*E13 | E13: 130 | F13: PD | L13: 5 | M13: 5 | N13: 5 | O13: 5 | P13: 5 | Q13: 0 | R13: 0 | S13: 5 | T13: 5 | U13: 5 | V13: 10 | W13: 10 | X13: 10 | Y13: 10 | Z13: 10 | AA13: 10 | AB13: 10 | AC13: 10 | AD13: 10 | AE13: 10 | AF13: 10 | AG13: 10 | AH13: 10 | AI13: 10 | AJ13: 5 | AK13: 5 | AL13: 0 | AM13: 0 | AN13: 5 | AO13: 5 | AP13: 5 | AQ13: 5 | OV13: cr-1787764763277-txdnp|day
A15: NIGHTSHIFT | B15: =G15+H15+I15 | C15: Pipefitter Journeyman | D15: =K15 | F15: TITLE | G15: =B18 | H15: =B19 | I15: =B20 | J15: =B21 | K15: =D18+D19+D20 | OV15: cr-1787764763277-txdnp|night
F16: HC | L16: 0 | M16: 0 | N16: 0 | O16: 0 | P16: 0 | Q16: 0 | R16: 0 | S16: 0 | T16: 0 | U16: 0 | V16: 16 | W16: 16 | X16: 16 | Y16: 16 | Z16: 16 | AA16: 16 | AB16: 16 | AC16: 16 | AD16: 16 | AE16: 16 | AF16: 16 | AG16: 16 | AH16: 16 | AI16: 16 | AJ16: 0 | AK16: 0 | AL16: 0 | AM16: 0 | AN16: 0 | AO16: 0 | AP16: 0 | AQ16: 0 | OV16: cr-1787764763277-txdnp|night
A17: Enter Hours Per shift Here | F17: HPS | L17: 0 | M17: 0 | N17: 0 | O17: 0 | P17: 0 | Q17: 0 | R17: 0 | S17: 0 | T17: 0 | U17: 0 | V17: 12 | W17: 12 | X17: 12 | Y17: 12 | Z17: 12 | AA17: 12 | AB17: 12 | AC17: 12 | AD17: 12 | AE17: 12 | AF17: 12 | AG17: 12 | AH17: 12 | AI17: 12 | AJ17: 0 | AK17: 0 | AL17: 0 | AM17: 0 | AN17: 0 | AO17: 0 | AP17: 0 | AQ17: 0 | OV17: cr-1787764763277-txdnp|night
B18: =SUM(L18:AQ18) | D18: =B18*E18 | E18: ='Rate Tables'!C12 | F18: ST | L18: =IF(L$6="","",IF(OR(WEEKDAY(L$6,1)=1,WEEKDAY(L$6,1)=7),0,MIN(8,L17)*L16)) | M18: =IF(M$6="","",IF(OR(WEEKDAY(M$6,1)=1,WEEKDAY(M$6,1)=7),0,MIN(8,M17)*M16)) | N18: =IF(N$6="","",IF(OR(WEEKDAY(N$6,1)=1,WEEKDAY(N$6,1)=7),0,MIN(8,N17)*N16)) | O18: =IF(O$6="","",IF(OR(WEEKDAY(O$6,1)=1,WEEKDAY(O$6,1)=7),0,MIN(8,O17)*O16)) | P18: =IF(P$6="","",IF(OR(WEEKDAY(P$6,1)=1,WEEKDAY(P$6,1)=7),0,MIN(8,P17)*P16)) | Q18: =IF(Q$6="","",IF(OR(WEEKDAY(Q$6,1)=1,WEEKDAY(Q$6,1)=7),0,MIN(8,Q17)*Q16)) | R18: =IF(R$6="","",IF(OR(WEEKDAY(R$6,1)=1,WEEKDAY(R$6,1)=7),0,MIN(8,R17)*R16)) | S18: =IF(S$6="","",IF(OR(WEEKDAY(S$6,1)=1,WEEKDAY(S$6,1)=7),0,MIN(8,S17)*S16)) | ... AQ18: =IF(AQ$6="","",IF(OR(WEEKDAY(AQ$6,1)=1,WEEKDAY(AQ$6,1)=7),0,MIN(8,AQ17)*AQ16)) | OV18: cr-1787764763277-txdnp|night
B19: =SUM(L19:AQ19) | D19: =B19*E19 | E19: ='Rate Tables'!D12 | F19: OT | L19: =IF(L$6="","",IF(WEEKDAY(L$6,1)=1,0,IF(WEEKDAY(L$6,1)=7,L17*L16,MAX(0,L17-8)*L16))) | M19: =IF(M$6="","",IF(WEEKDAY(M$6,1)=1,0,IF(WEEKDAY(M$6,1)=7,M17*M16,MAX(0,M17-8)*M16))) | N19: =IF(N$6="","",IF(WEEKDAY(N$6,1)=1,0,IF(WEEKDAY(N$6,1)=7,N17*N16,MAX(0,N17-8)*N16))) | O19: =IF(O$6="","",IF(WEEKDAY(O$6,1)=1,0,IF(WEEKDAY(O$6,1)=7,O17*O16,MAX(0,O17-8)*O16))) | P19: =IF(P$6="","",IF(WEEKDAY(P$6,1)=1,0,IF(WEEKDAY(P$6,1)=7,P17*P16,MAX(0,P17-8)*P16))) | Q19: =IF(Q$6="","",IF(WEEKDAY(Q$6,1)=1,0,IF(WEEKDAY(Q$6,1)=7,Q17*Q16,MAX(0,Q17-8)*Q16))) | R19: =IF(R$6="","",IF(WEEKDAY(R$6,1)=1,0,IF(WEEKDAY(R$6,1)=7,R17*R16,MAX(0,R17-8)*R16))) | S19: =IF(S$6="","",IF(WEEKDAY(S$6,1)=1,0,IF(WEEKDAY(S$6,1)=7,S17*S16,MAX(0,S17-8)*S16))) | ... AQ19: =IF(AQ$6="","",IF(WEEKDAY(AQ$6,1)=1,0,IF(WEEKDAY(AQ$6,1)=7,AQ17*AQ16,MAX(0,AQ17-8)*AQ16))) | OV19: cr-1787764763277-txdnp|night
B20: =SUM(L20:AQ20) | D20: =B20*E20 | E20: ='Rate Tables'!E12 | F20: DT | L20: =IF(L$6="","",IF(WEEKDAY(L$6,1)=1,L17*L16,0)) | M20: =IF(M$6="","",IF(WEEKDAY(M$6,1)=1,M17*M16,0)) | N20: =IF(N$6="","",IF(WEEKDAY(N$6,1)=1,N17*N16,0)) | O20: =IF(O$6="","",IF(WEEKDAY(O$6,1)=1,O17*O16,0)) | P20: =IF(P$6="","",IF(WEEKDAY(P$6,1)=1,P17*P16,0)) | Q20: =IF(Q$6="","",IF(WEEKDAY(Q$6,1)=1,Q17*Q16,0)) | R20: =IF(R$6="","",IF(WEEKDAY(R$6,1)=1,R17*R16,0)) | S20: =IF(S$6="","",IF(WEEKDAY(S$6,1)=1,S17*S16,0)) | ... AQ20: =IF(AQ$6="","",IF(WEEKDAY(AQ$6,1)=1,AQ17*AQ16,0)) | OV20: cr-1787764763277-txdnp|night
B21: =SUM(L21:AQ21) | D21: =B21*E21 | E21: 130 | F21: PD | L21: 0 | M21: 0 | N21: 0 | O21: 0 | P21: 0 | Q21: 0 | R21: 0 | S21: 0 | T21: 0 | U21: 0 | V21: 1 | W21: 1 | X21: 1 | Y21: 1 | Z21: 1 | AA21: 1 | AB21: 1 | AC21: 1 | AD21: 1 | AE21: 1 | AF21: 1 | AG21: 1 | AH21: 1 | AI21: 1 | AJ21: 0 | AK21: 0 | AL21: 0 | AM21: 0 | AN21: 0 | AO21: 0 | AP21: 0 | AQ21: 0 | OV21: cr-1787764763277-txdnp|night
A22: TOTAL | B22: =SUM(B7,B15) | D22: =SUM(D13,D21) | G22: =SUM(G7,G15) | H22: =SUM(H7,H15) | I22: =SUM(I7,I15) | J22: =SUM(J7,J15) | K22: =SUM(K7,K15)

Sheet Support
A1: HIT SQUAD / PROJECT CONTROLS
A2: Produced by Hit Squad Project Controls · Confidential estimate package
A3: Madison CAT 2 (Pit Stop)
A4: Phillips 66 · Wood River — Roxana, IL · East Coast (PCA0001103)
A5: Produced Sep 4, 2026 | B5: 46269.757
A6: Shift | B6: Total Billable | C6: Position | D6: Sub Total $ | E6: Rate | F6: Type | G6: ST Hrs | H6: OT Hrs | I6: DT Hrs | J6: PD Days | K6: Labor $ | L6: 46286 | M6: =L6+1 | N6: =M6+1 | O6: =N6+1 | P6: =O6+1 | Q6: =P6+1 | R6: =Q6+1 | S6: =R6+1 | T6: =S6+1 | ... AQ6: =AP6+1
A7: DAYSHIFT | B7: =G7+H7+I7 | C7: Tool Room Attendant | D7: =K7 | F7: TITLE | G7: =B10 | H7: =B11 | I7: =B12 | J7: =B13 | K7: =D10+D11+D12 | OV7: sup-1787768630004-lgj97|day
F8: HC | L8: 1 | M8: 1 | N8: 1 | O8: 1 | P8: 1 | Q8: 0 | R8: 0 | S8: 1 | T8: 1 | U8: 1 | V8: 1 | W8: 1 | X8: 1 | Y8: 1 | Z8: 1 | AA8: 1 | AB8: 1 | AC8: 1 | AD8: 1 | AE8: 1 | AF8: 1 | AG8: 1 | AH8: 1 | AI8: 1 | AJ8: 1 | AK8: 1 | AL8: 0 | AM8: 0 | AN8: 1 | AO8: 1 | AP8: 1 | AQ8: 1 | OV8: sup-1787768630004-lgj97|day
A9: Enter Hours Per shift Here | F9: HPS | L9: 8 | M9: 8 | N9: 8 | O9: 8 | P9: 8 | Q9: 0 | R9: 0 | S9: 8 | T9: 8 | U9: 8 | V9: 12 | W9: 12 | X9: 12 | Y9: 12 | Z9: 12 | AA9: 12 | AB9: 12 | AC9: 12 | AD9: 12 | AE9: 12 | AF9: 12 | AG9: 12 | AH9: 12 | AI9: 12 | AJ9: 8 | AK9: 8 | AL9: 0 | AM9: 0 | AN9: 8 | AO9: 8 | AP9: 8 | AQ9: 8 | OV9: sup-1787768630004-lgj97|day
B10: =SUM(L10:AQ10) | D10: =B10*E10 | E10: ='Rate Tables'!C13 | F10: ST | L10: =IF(L$6="","",IF(OR(WEEKDAY(L$6,1)=1,WEEKDAY(L$6,1)=7),0,MIN(8,L9)*L8)) | M10: =IF(M$6="","",IF(OR(WEEKDAY(M$6,1)=1,WEEKDAY(M$6,1)=7),0,MIN(8,M9)*M8)) | N10: =IF(N$6="","",IF(OR(WEEKDAY(N$6,1)=1,WEEKDAY(N$6,1)=7),0,MIN(8,N9)*N8)) | O10: =IF(O$6="","",IF(OR(WEEKDAY(O$6,1)=1,WEEKDAY(O$6,1)=7),0,MIN(8,O9)*O8)) | P10: =IF(P$6="","",IF(OR(WEEKDAY(P$6,1)=1,WEEKDAY(P$6,1)=7),0,MIN(8,P9)*P8)) | Q10: =IF(Q$6="","",IF(OR(WEEKDAY(Q$6,1)=1,WEEKDAY(Q$6,1)=7),0,MIN(8,Q9)*Q8)) | R10: =IF(R$6="","",IF(OR(WEEKDAY(R$6,1)=1,WEEKDAY(R$6,1)=7),0,MIN(8,R9)*R8)) | S10: =IF(S$6="","",IF(OR(WEEKDAY(S$6,1)=1,WEEKDAY(S$6,1)=7),0,MIN(8,S9)*S8)) | ... AQ10: =IF(AQ$6="","",IF(OR(WEEKDAY(AQ$6,1)=1,WEEKDAY(AQ$6,1)=7),0,MIN(8,AQ9)*AQ8)) | OV10: sup-1787768630004-lgj97|day
B11: =SUM(L11:AQ11) | D11: =B11*E11 | E11: ='Rate Tables'!D13 | F11: OT | L11: =IF(L$6="","",IF(WEEKDAY(L$6,1)=1,0,IF(WEEKDAY(L$6,1)=7,L9*L8,MAX(0,L9-8)*L8))) | M11: =IF(M$6="","",IF(WEEKDAY(M$6,1)=1,0,IF(WEEKDAY(M$6,1)=7,M9*M8,MAX(0,M9-8)*M8))) | N11: =IF(N$6="","",IF(WEEKDAY(N$6,1)=1,0,IF(WEEKDAY(N$6,1)=7,N9*N8,MAX(0,N9-8)*N8))) | O11: =IF(O$6="","",IF(WEEKDAY(O$6,1)=1,0,IF(WEEKDAY(O$6,1)=7,O9*O8,MAX(0,O9-8)*O8))) | P11: =IF(P$6="","",IF(WEEKDAY(P$6,1)=1,0,IF(WEEKDAY(P$6,1)=7,P9*P8,MAX(0,P9-8)*P8))) | Q11: =IF(Q$6="","",IF(WEEKDAY(Q$6,1)=1,0,IF(WEEKDAY(Q$6,1)=7,Q9*Q8,MAX(0,Q9-8)*Q8))) | R11: =IF(R$6="","",IF(WEEKDAY(R$6,1)=1,0,IF(WEEKDAY(R$6,1)=7,R9*R8,MAX(0,R9-8)*R8))) | S11: =IF(S$6="","",IF(WEEKDAY(S$6,1)=1,0,IF(WEEKDAY(S$6,1)=7,S9*S8,MAX(0,S9-8)*S8))) | ... AQ11: =IF(AQ$6="","",IF(WEEKDAY(AQ$6,1)=1,0,IF(WEEKDAY(AQ$6,1)=7,AQ9*AQ8,MAX(0,AQ9-8)*AQ8))) | OV11: sup-1787768630004-lgj97|day
B12: =SUM(L12:AQ12) | D12: =B12*E12 | E12: ='Rate Tables'!E13 | F12: DT | L12: =IF(L$6="","",IF(WEEKDAY(L$6,1)=1,L9*L8,0)) | M12: =IF(M$6="","",IF(WEEKDAY(M$6,1)=1,M9*M8,0)) | N12: =IF(N$6="","",IF(WEEKDAY(N$6,1)=1,N9*N8,0)) | O12: =IF(O$6="","",IF(WEEKDAY(O$6,1)=1,O9*O8,0)) | P12: =IF(P$6="","",IF(WEEKDAY(P$6,1)=1,P9*P8,0)) | Q12: =IF(Q$6="","",IF(WEEKDAY(Q$6,1)=1,Q9*Q8,0)) | R12: =IF(R$6="","",IF(WEEKDAY(R$6,1)=1,R9*R8,0)) | S12: =IF(S$6="","",IF(WEEKDAY(S$6,1)=1,S9*S8,0)) | ... AQ12: =IF(AQ$6="","",IF(WEEKDAY(AQ$6,1)=1,AQ9*AQ8,0)) | OV12: sup-1787768630004-lgj97|day
B13: =SUM(L13:AQ13) | D13: =B13*E13 | E13: 130 | F13: PD | L13: 1 | M13: 1 | N13: 1 | O13: 1 | P13: 1 | Q13: 0 | R13: 0 | S13: 1 | T13: 1 | U13: 1 | V13: 1 | W13: 1 | X13: 1 | Y13: 1 | Z13: 1 | AA13: 1 | AB13: 1 | AC13: 1 | AD13: 1 | AE13: 1 | AF13: 1 | AG13: 1 | AH13: 1 | AI13: 1 | AJ13: 1 | AK13: 1 | AL13: 0 | AM13: 0 | AN13: 1 | AO13: 1 | AP13: 1 | AQ13: 1 | OV13: sup-1787768630004-lgj97|day
A15: NIGHTSHIFT | B15: =G15+H15+I15 | C15: Tool Room Attendant | D15: =K15 | F15: TITLE | G15: =B18 | H15: =B19 | I15: =B20 | J15: =B21 | K15: =D18+D19+D20 | OV15: sup-1787768630004-lgj97|night
F16: HC | L16: 0 | M16: 0 | N16: 0 | O16: 0 | P16: 0 | Q16: 0 | R16: 0 | S16: 0 | T16: 0 | U16: 0 | V16: 1 | W16: 1 | X16: 1 | Y16: 1 | Z16: 1 | AA16: 1 | AB16: 1 | AC16: 1 | AD16: 1 | AE16: 1 | AF16: 1 | AG16: 1 | AH16: 1 | AI16: 1 | AJ16: 0 | AK16: 0 | AL16: 0 | AM16: 0 | AN16: 0 | AO16: 0 | AP16: 0 | AQ16: 0 | OV16: sup-1787768630004-lgj97|night
A17: Enter Hours Per shift Here | F17: HPS | L17: 0 | M17: 0 | N17: 0 | O17: 0 | P17: 0 | Q17: 0 | R17: 0 | S17: 0 | T17: 0 | U17: 0 | V17: 12 | W17: 12 | X17: 12 | Y17: 12 | Z17: 12 | AA17: 12 | AB17: 12 | AC17: 12 | AD17: 12 | AE17: 12 | AF17: 12 | AG17: 12 | AH17: 12 | AI17: 12 | AJ17: 0 | AK17: 0 | AL17: 0 | AM17: 0 | AN17: 0 | AO17: 0 | AP17: 0 | AQ17: 0 | OV17: sup-1787768630004-lgj97|night
B18: =SUM(L18:AQ18) | D18: =B18*E18 | E18: ='Rate Tables'!C13 | F18: ST | L18: =IF(L$6="","",IF(OR(WEEKDAY(L$6,1)=1,WEEKDAY(L$6,1)=7),0,MIN(8,L17)*L16)) | M18: =IF(M$6="","",IF(OR(WEEKDAY(M$6,1)=1,WEEKDAY(M$6,1)=7),0,MIN(8,M17)*M16)) | N18: =IF(N$6="","",IF(OR(WEEKDAY(N$6,1)=1,WEEKDAY(N$6,1)=7),0,MIN(8,N17)*N16)) | O18: =IF(O$6="","",IF(OR(WEEKDAY(O$6,1)=1,WEEKDAY(O$6,1)=7),0,MIN(8,O17)*O16)) | P18: =IF(P$6="","",IF(OR(WEEKDAY(P$6,1)=1,WEEKDAY(P$6,1)=7),0,MIN(8,P17)*P16)) | Q18: =IF(Q$6="","",IF(OR(WEEKDAY(Q$6,1)=1,WEEKDAY(Q$6,1)=7),0,MIN(8,Q17)*Q16)) | R18: =IF(R$6="","",IF(OR(WEEKDAY(R$6,1)=1,WEEKDAY(R$6,1)=7),0,MIN(8,R17)*R16)) | S18: =IF(S$6="","",IF(OR(WEEKDAY(S$6,1)=1,WEEKDAY(S$6,1)=7),0,MIN(8,S17)*S16)) | ... AQ18: =IF(AQ$6="","",IF(OR(WEEKDAY(AQ$6,1)=1,WEEKDAY(AQ$6,1)=7),0,MIN(8,AQ17)*AQ16)) | OV18: sup-1787768630004-lgj97|night
B19: =SUM(L19:AQ19) | D19: =B19*E19 | E19: ='Rate Tables'!D13 | F19: OT | L19: =IF(L$6="","",IF(WEEKDAY(L$6,1)=1,0,IF(WEEKDAY(L$6,1)=7,L17*L16,MAX(0,L17-8)*L16))) | M19: =IF(M$6="","",IF(WEEKDAY(M$6,1)=1,0,IF(WEEKDAY(M$6,1)=7,M17*M16,MAX(0,M17-8)*M16))) | N19: =IF(N$6="","",IF(WEEKDAY(N$6,1)=1,0,IF(WEEKDAY(N$6,1)=7,N17*N16,MAX(0,N17-8)*N16))) | O19: =IF(O$6="","",IF(WEEKDAY(O$6,1)=1,0,IF(WEEKDAY(O$6,1)=7,O17*O16,MAX(0,O17-8)*O16))) | P19: =IF(P$6="","",IF(WEEKDAY(P$6,1)=1,0,IF(WEEKDAY(P$6,1)=7,P17*P16,MAX(0,P17-8)*P16))) | Q19: =IF(Q$6="","",IF(WEEKDAY(Q$6,1)=1,0,IF(WEEKDAY(Q$6,1)=7,Q17*Q16,MAX(0,Q17-8)*Q16))) | R19: =IF(R$6="","",IF(WEEKDAY(R$6,1)=1,0,IF(WEEKDAY(R$6,1)=7,R17*R16,MAX(0,R17-8)*R16))) | S19: =IF(S$6="","",IF(WEEKDAY(S$6,1)=1,0,IF(WEEKDAY(S$6,1)=7,S17*S16,MAX(0,S17-8)*S16))) | ... AQ19: =IF(AQ$6="","",IF(WEEKDAY(AQ$6,1)=1,0,IF(WEEKDAY(AQ$6,1)=7,AQ17*AQ16,MAX(0,AQ17-8)*AQ16))) | OV19: sup-1787768630004-lgj97|night
B20: =SUM(L20:AQ20) | D20: =B20*E20 | E20: ='Rate Tables'!E13 | F20: DT | L20: =IF(L$6="","",IF(WEEKDAY(L$6,1)=1,L17*L16,0)) | M20: =IF(M$6="","",IF(WEEKDAY(M$6,1)=1,M17*M16,0)) | N20: =IF(N$6="","",IF(WEEKDAY(N$6,1)=1,N17*N16,0)) | O20: =IF(O$6="","",IF(WEEKDAY(O$6,1)=1,O17*O16,0)) | P20: =IF(P$6="","",IF(WEEKDAY(P$6,1)=1,P17*P16,0)) | Q20: =IF(Q$6="","",IF(WEEKDAY(Q$6,1)=1,Q17*Q16,0)) | R20: =IF(R$6="","",IF(WEEKDAY(R$6,1)=1,R17*R16,0)) | S20: =IF(S$6="","",IF(WEEKDAY(S$6,1)=1,S17*S16,0)) | ... AQ20: =IF(AQ$6="","",IF(WEEKDAY(AQ$6,1)=1,AQ17*AQ16,0)) | OV20: sup-1787768630004-lgj97|night
B21: =SUM(L21:AQ21) | D21: =B21*E21 | E21: 130 | F21: PD | L21: 0 | M21: 0 | N21: 0 | O21: 0 | P21: 0 | Q21: 0 | R21: 0 | S21: 0 | T21: 0 | U21: 0 | V21: 1 | W21: 1 | X21: 1 | Y21: 1 | Z21: 1 | AA21: 1 | AB21: 1 | AC21: 1 | AD21: 1 | AE21: 1 | AF21: 1 | AG21: 1 | AH21: 1 | AI21: 1 | AJ21: 0 | AK21: 0 | AL21: 0 | AM21: 0 | AN21: 0 | AO21: 0 | AP21: 0 | AQ21: 0 | OV21: sup-1787768630004-lgj97|night
A22: TOTAL | B22: =SUM(B7,B15) | D22: =SUM(D13,D21) | G22: =SUM(G7,G15) | H22: =SUM(H7,H15) | I22: =SUM(I7,I15) | J22: =SUM(J7,J15) | K22: =SUM(K7,K15)

Sheet COE
A1: HIT SQUAD / PROJECT CONTROLS
A2: Produced by Hit Squad Project Controls · Confidential estimate package
A3: Madison CAT 2 (Pit Stop)
A4: Phillips 66 · Wood River — Roxana, IL · East Coast (PCA0001103)
A5: Produced Sep 4, 2026 | B5: 46269.757
A6: Item | B6: Period | C6: Qty | D6: Periods | E6: Rate $ | F6: Freight $ | G6: Total $
A7: RAD GUN TORQUE | B7: monthly | C7: 5 | D7: 3 | E7: 4464 | F7: 0 | G7: =C7*D7*E7+F7
A8: WELDER ARC 100-300 AMP ELECTRIC | B8: monthly | C8: 3 | D8: 2 | E8: 612 | F8: 0 | G8: =C8*D8*E8+F8
A9: TRUCK CREW | B9: monthly | C9: 3 | D9: 2 | E9: 936 | F9: 0 | G9: =C9*D9*E9+F9
A10: PUMP TORQUE CONSOLE 10K PSI | B10: daily | C10: 1 | D10: 32 | E10: 1160 | F10: 0 | G10: =C10*D10*E10+F10
A11: TOTAL | G11: =SUM(G7:G10)

Sheet Staff Travel Cost
A1: HIT SQUAD / PROJECT CONTROLS
A2: Produced by Hit Squad Project Controls · Confidential estimate package
A3: Madison CAT 2 (Pit Stop)
A4: Phillips 66 · Wood River — Roxana, IL · East Coast (PCA0001103)
A5: Produced Sep 4, 2026 | B5: 46269.757
A6: Kind | B6: Travelers | C6: Miles | D6: $ / mile | E6: Total $
A7: Staff | B7: 6 | C7: 1500 | D7: 0.76 | E7: =B7*C7*D7
A8: TOTAL | E8: =SUM(E7:E7)

Sheet Misc Costs
A1: HIT SQUAD / PROJECT CONTROLS
A2: Produced by Hit Squad Project Controls · Confidential estimate package
A3: Madison CAT 2 (Pit Stop)
A4: Phillips 66 · Wood River — Roxana, IL · East Coast (PCA0001103)
A5: Produced Sep 4, 2026 | B5: 46269.757
A6: Item | B6: Description | C6: Qty | D6: Each $ | E6: Total $
A7: Weld / cut gas | B7: Mixed shielding | C7: 3.5 | D7: 1000 | E7: =C7*D7
A8: Fire blanket | B8: Welding blanket | C8: 1 | D8: 1200 | E8: =C8*D8
A9: Anti-seize | B9: Jet Lube | C9: 1 | D9: 6000 | E9: =C9*D9
A10: TOTAL | E10: =SUM(E7:E9)

Sheet Rate Tables
A1: HIT SQUAD / PROJECT CONTROLS
A2: Produced by Hit Squad Project Controls · Confidential estimate package
A3: Madison CAT 2 (Pit Stop)
A4: Phillips 66 · Wood River — Roxana, IL · East Coast (PCA0001103)
A5: Produced Sep 4, 2026 | B5: 46269.757
A6: Craft | B6: COMP BW $ | C6: ST Bill $ | D6: OT Bill $ | E6: DT Bill $ | F6: PD Rate
A7: Superintendent PF 01 | C7: 111.67 | D7: 156.21 | E7: 200.75 | F7: 140
A8: COORDINATOR QA-QC 1 | B8: 64 | C8: 105.76 | D8: 143.77 | E8: 181.79 | F8: 140
A9: COORDINATOR SAFETY 01 | B9: 52.5 | C9: 91.02 | D9: 122.2 | E9: 153.39 | F9: 140
A10: Pipefitter General Foreman | B10: 58.84 | C10: 111.22 | D10: 156.31 | E10: 201.4 | F10: 140
A11: Pipefitter Foreman | C11: 105.28 | D11: 147.5 | E11: 189.72 | F11: 130
A12: Pipefitter Journeyman | B12: 49.03 | C12: 99.33 | D12: 138.69 | E12: 178.05 | F12: 130
A13: Boilermaker Journeyman | B13: 45.6 | C13: 108.38 | D13: 152.78 | E13: 197.19 | F13: 130
