Workbook

Sheet Summary Page
A1: HIT SQUAD / PROJECT CONTROLS
A2: Produced by Hit Squad Project Controls · Confidential estimate package
A3: 2027 Aromatics Turnaround
A4: Phillips 66 · Wood River — Roxana, IL · East Coast (PCA0001103)
A5: Produced Sep 4, 2026 | B5: 46269.713
A6: Rollup line | B6: Amount $ | C6: Man-hours (MH)
A7: Staff labor $ | B7: =Staff!K21 | C7: =Staff!B21
A8: Foremen labor $ | B8: =Foremen!K14 | C8: =Foremen!B14
A9: Direct labor $ | B9: =Direct!K14 | C9: =Direct!B14
A10: Support labor $ | B10: =Support!K14 | C10: =Support!B14
A11: Labor $ | B11: =SUM(B7,B8,B9,B10) | C11: =SUM(C7,C8,C9,C10)
A12: Per diem $ | B12: =SUM(Staff!D21,Foremen!D14,Direct!D14,Support!D14)
A13: Man-hours | C13: ='Slicer Hrs'!E8
A14: Staff travel $ | B14: ='Staff Travel Cost'!E8
A15: Misc $ | B15: ='Misc Costs'!E8
A16: Equipment rental $ | B16: ='Equipment Rental'!G8
A17: Tensioning / torquing $ | B17: ='Tensioning Torquing equipment'!G8
A18: Crane rental $ | B18: ='Crane Rental'!G8
A19: COE $ | B19: =COE!G8
A20: Subcontractor $ | B20: ='OM Crane Subcontractor'!F8
A21: 6.5% markup | B21: 313.5
A23: ESTIMATE TOTAL $ | B23: =SUM(B11,B12,B14,B15,B16,B17,B18,B19,B20,B21) | C23: =SUM(C7,C8,C9,C10)

Sheet ORG Chart
A1: HIT SQUAD / PROJECT CONTROLS
A2: Produced by Hit Squad Project Controls · Confidential estimate package
A3: 2027 Aromatics Turnaround
A4: Phillips 66 · Wood River — Roxana, IL · East Coast (PCA0001103)
A5: Produced Sep 4, 2026 | B5: 46269.713
A6: Position | B6: Name | C6: Lane | D6: Shift | E6: Count | F6: Reports to
A7: Lead Safety 01 | B7: Lead Safety 01 | C7: staff | D7: Days | E7: 1 | F7: Company
A8: Pipefitter GF Union | B8: Pipefitter GF Union | C8: generalForeman | D8: Days | E8: 1 | F8: Lead Safety 01
A9: Boilermaker Foreman | B9: 1 | C9: foreman | D9: Days | E9: 1 | F9: Pipefitter GF Union

Sheet Slicer Hrs
A1: HIT SQUAD / PROJECT CONTROLS
A2: Produced by Hit Squad Project Controls · Confidential estimate package
A3: 2027 Aromatics Turnaround
A4: Phillips 66 · Wood River — Roxana, IL · East Coast (PCA0001103)
A5: Produced Sep 4, 2026 | B5: 46269.713
A6: Phase | B6: ST Hrs | C6: OT Hrs | D6: DT Hrs | E6: Hours
A7: Mechanical Window | B7: 210 | C7: 90 | D7: 50 | E7: =B7+C7+D7
A8: TOTAL | B8: =SUM(B7:B7) | C8: =SUM(C7:C7) | D8: =SUM(D7:D7) | E8: =SUM(E7:E7)

Sheet Staff
A1: HIT SQUAD / PROJECT CONTROLS
A2: Produced by Hit Squad Project Controls · Confidential estimate package
A3: 2027 Aromatics Turnaround
A4: Phillips 66 · Wood River — Roxana, IL · East Coast (PCA0001103)
A5: Produced Sep 4, 2026 | B5: 46269.713
A6: Shift | B6: Total Billable | C6: Position | D6: Sub Total $ | E6: Rate | F6: Type | G6: ST Hrs | H6: OT Hrs | I6: DT Hrs | J6: PD Days | K6: Labor $ | L6: 46266 | M6: =L6+1 | N6: =M6+1 | O6: =N6+1 | P6: =O6+1 | Q6: =P6+1 | R6: =Q6+1
A7: DAYSHIFT | B7: =G7+H7+I7 | C7: Lead Safety 01 | D7: =K7 | F7: TITLE | G7: =B10 | H7: =B11 | I7: =B12 | J7: =B13 | K7: =D10+D11+D12 | CX7: st-1|day
F8: HC | L8: 1 | M8: 1 | N8: 1 | O8: 1 | P8: 1 | Q8: 1 | R8: 1 | CX8: st-1|day
A9: Enter Hours Per shift Here | F9: HPS | L9: 10 | M9: 10 | N9: 10 | O9: 10 | P9: 10 | Q9: 10 | R9: 10 | CX9: st-1|day
B10: =SUM(L10:R10) | D10: =B10*E10 | E10: ='Rate Tables'!C7 | F10: ST | L10: =IF(L$6="","",IF(WEEKDAY(L$6,1)=1,0,MIN(10,L9)*L8)) | M10: =IF(M$6="","",IF(WEEKDAY(M$6,1)=1,0,MIN(10,M9)*M8)) | N10: =IF(N$6="","",IF(WEEKDAY(N$6,1)=1,0,MIN(10,N9)*N8)) | O10: =IF(O$6="","",IF(WEEKDAY(O$6,1)=1,0,MIN(10,O9)*O8)) | P10: =IF(P$6="","",IF(WEEKDAY(P$6,1)=1,0,MIN(10,P9)*P8)) | Q10: =IF(Q$6="","",IF(WEEKDAY(Q$6,1)=1,0,MIN(10,Q9)*Q8)) | R10: =IF(R$6="","",IF(WEEKDAY(R$6,1)=1,0,MIN(10,R9)*R8)) | CX10: st-1|day
B11: =SUM(L11:R11) | D11: =B11*E11 | E11: ='Rate Tables'!D7 | F11: OT | L11: =IF(L$6="","",IF(WEEKDAY(L$6,1)=1,0,MAX(0,L9-10)*L8)) | M11: =IF(M$6="","",IF(WEEKDAY(M$6,1)=1,0,MAX(0,M9-10)*M8)) | N11: =IF(N$6="","",IF(WEEKDAY(N$6,1)=1,0,MAX(0,N9-10)*N8)) | O11: =IF(O$6="","",IF(WEEKDAY(O$6,1)=1,0,MAX(0,O9-10)*O8)) | P11: =IF(P$6="","",IF(WEEKDAY(P$6,1)=1,0,MAX(0,P9-10)*P8)) | Q11: =IF(Q$6="","",IF(WEEKDAY(Q$6,1)=1,0,MAX(0,Q9-10)*Q8)) | R11: =IF(R$6="","",IF(WEEKDAY(R$6,1)=1,0,MAX(0,R9-10)*R8)) | CX11: st-1|day
B12: =SUM(L12:R12) | D12: =B12*E12 | E12: ='Rate Tables'!E7 | F12: DT | L12: =IF(L$6="","",IF(WEEKDAY(L$6,1)=1,L9*L8,0)) | M12: =IF(M$6="","",IF(WEEKDAY(M$6,1)=1,M9*M8,0)) | N12: =IF(N$6="","",IF(WEEKDAY(N$6,1)=1,N9*N8,0)) | O12: =IF(O$6="","",IF(WEEKDAY(O$6,1)=1,O9*O8,0)) | P12: =IF(P$6="","",IF(WEEKDAY(P$6,1)=1,P9*P8,0)) | Q12: =IF(Q$6="","",IF(WEEKDAY(Q$6,1)=1,Q9*Q8,0)) | R12: =IF(R$6="","",IF(WEEKDAY(R$6,1)=1,R9*R8,0)) | CX12: st-1|day
B13: =SUM(L13:R13) | D13: =B13*E13 | E13: 140 | F13: PD | L13: 1 | M13: 1 | N13: 1 | O13: 1 | P13: 1 | Q13: 1 | R13: 1 | CX13: st-1|day
A14: DAYSHIFT | B14: =G14+H14+I14 | C14: Pipefitter GF Union | D14: =K14 | F14: TITLE | G14: =B17 | H14: =B18 | I14: =B19 | J14: =B20 | K14: =D17+D18+D19 | CX14: gf-1|day
F15: HC | L15: 1 | M15: 1 | N15: 1 | O15: 1 | P15: 1 | Q15: 1 | R15: 1 | CX15: gf-1|day
A16: Enter Hours Per shift Here | F16: HPS | L16: 10 | M16: 10 | N16: 10 | O16: 10 | P16: 10 | Q16: 10 | R16: 10 | CX16: gf-1|day
B17: =SUM(L17:R17) | D17: =B17*E17 | E17: ='Rate Tables'!C8 | F17: ST | L17: =IF(L$6="","",IF(OR(WEEKDAY(L$6,1)=1,WEEKDAY(L$6,1)=7),0,MIN(8,L16)*L15)) | M17: =IF(M$6="","",IF(OR(WEEKDAY(M$6,1)=1,WEEKDAY(M$6,1)=7),0,MIN(8,M16)*M15)) | N17: =IF(N$6="","",IF(OR(WEEKDAY(N$6,1)=1,WEEKDAY(N$6,1)=7),0,MIN(8,N16)*N15)) | O17: =IF(O$6="","",IF(OR(WEEKDAY(O$6,1)=1,WEEKDAY(O$6,1)=7),0,MIN(8,O16)*O15)) | P17: =IF(P$6="","",IF(OR(WEEKDAY(P$6,1)=1,WEEKDAY(P$6,1)=7),0,MIN(8,P16)*P15)) | Q17: =IF(Q$6="","",IF(OR(WEEKDAY(Q$6,1)=1,WEEKDAY(Q$6,1)=7),0,MIN(8,Q16)*Q15)) | R17: =IF(R$6="","",IF(OR(WEEKDAY(R$6,1)=1,WEEKDAY(R$6,1)=7),0,MIN(8,R16)*R15)) | CX17: gf-1|day
B18: =SUM(L18:R18) | D18: =B18*E18 | E18: ='Rate Tables'!D8 | F18: OT | L18: =IF(L$6="","",IF(WEEKDAY(L$6,1)=1,0,IF(WEEKDAY(L$6,1)=7,L16*L15,MAX(0,L16-8)*L15))) | M18: =IF(M$6="","",IF(WEEKDAY(M$6,1)=1,0,IF(WEEKDAY(M$6,1)=7,M16*M15,MAX(0,M16-8)*M15))) | N18: =IF(N$6="","",IF(WEEKDAY(N$6,1)=1,0,IF(WEEKDAY(N$6,1)=7,N16*N15,MAX(0,N16-8)*N15))) | O18: =IF(O$6="","",IF(WEEKDAY(O$6,1)=1,0,IF(WEEKDAY(O$6,1)=7,O16*O15,MAX(0,O16-8)*O15))) | P18: =IF(P$6="","",IF(WEEKDAY(P$6,1)=1,0,IF(WEEKDAY(P$6,1)=7,P16*P15,MAX(0,P16-8)*P15))) | Q18: =IF(Q$6="","",IF(WEEKDAY(Q$6,1)=1,0,IF(WEEKDAY(Q$6,1)=7,Q16*Q15,MAX(0,Q16-8)*Q15))) | R18: =IF(R$6="","",IF(WEEKDAY(R$6,1)=1,0,IF(WEEKDAY(R$6,1)=7,R16*R15,MAX(0,R16-8)*R15))) | CX18: gf-1|day
B19: =SUM(L19:R19) | D19: =B19*E19 | E19: ='Rate Tables'!E8 | F19: DT | L19: =IF(L$6="","",IF(WEEKDAY(L$6,1)=1,L16*L15,0)) | M19: =IF(M$6="","",IF(WEEKDAY(M$6,1)=1,M16*M15,0)) | N19: =IF(N$6="","",IF(WEEKDAY(N$6,1)=1,N16*N15,0)) | O19: =IF(O$6="","",IF(WEEKDAY(O$6,1)=1,O16*O15,0)) | P19: =IF(P$6="","",IF(WEEKDAY(P$6,1)=1,P16*P15,0)) | Q19: =IF(Q$6="","",IF(WEEKDAY(Q$6,1)=1,Q16*Q15,0)) | R19: =IF(R$6="","",IF(WEEKDAY(R$6,1)=1,R16*R15,0)) | CX19: gf-1|day
B20: =SUM(L20:R20) | D20: =B20*E20 | E20: 140 | F20: PD | L20: 1 | M20: 1 | N20: 1 | O20: 1 | P20: 1 | Q20: 1 | R20: 1 | CX20: gf-1|day
A21: TOTAL | B21: =SUM(B7,B14) | D21: =SUM(D13,D20) | G21: =SUM(G7,G14) | H21: =SUM(H7,H14) | I21: =SUM(I7,I14) | J21: =SUM(J7,J14) | K21: =SUM(K7,K14)

Sheet Foremen
A1: HIT SQUAD / PROJECT CONTROLS
A2: Produced by Hit Squad Project Controls · Confidential estimate package
A3: 2027 Aromatics Turnaround
A4: Phillips 66 · Wood River — Roxana, IL · East Coast (PCA0001103)
A5: Produced Sep 4, 2026 | B5: 46269.713
A6: Shift | B6: Total Billable | C6: Position | D6: Sub Total $ | E6: Rate | F6: Type | G6: ST Hrs | H6: OT Hrs | I6: DT Hrs | J6: PD Days | K6: Labor $ | L6: 46266 | M6: =L6+1 | N6: =M6+1 | O6: =N6+1 | P6: =O6+1 | Q6: =P6+1 | R6: =Q6+1
A7: DAYSHIFT | B7: =G7+H7+I7 | C7: Boilermaker Foreman | D7: =K7 | F7: TITLE | G7: =B10 | H7: =B11 | I7: =B12 | J7: =B13 | K7: =D10+D11+D12 | CX7: fm-1|day
F8: HC | L8: 1 | M8: 1 | N8: 1 | O8: 1 | P8: 1 | Q8: 1 | R8: 1 | CX8: fm-1|day
A9: Enter Hours Per shift Here | F9: HPS | L9: 10 | M9: 10 | N9: 10 | O9: 10 | P9: 10 | Q9: 10 | R9: 10 | CX9: fm-1|day
B10: =SUM(L10:R10) | D10: =B10*E10 | E10: ='Rate Tables'!C9 | F10: ST | L10: =IF(L$6="","",IF(OR(WEEKDAY(L$6,1)=1,WEEKDAY(L$6,1)=7),0,MIN(8,L9)*L8)) | M10: =IF(M$6="","",IF(OR(WEEKDAY(M$6,1)=1,WEEKDAY(M$6,1)=7),0,MIN(8,M9)*M8)) | N10: =IF(N$6="","",IF(OR(WEEKDAY(N$6,1)=1,WEEKDAY(N$6,1)=7),0,MIN(8,N9)*N8)) | O10: =IF(O$6="","",IF(OR(WEEKDAY(O$6,1)=1,WEEKDAY(O$6,1)=7),0,MIN(8,O9)*O8)) | P10: =IF(P$6="","",IF(OR(WEEKDAY(P$6,1)=1,WEEKDAY(P$6,1)=7),0,MIN(8,P9)*P8)) | Q10: =IF(Q$6="","",IF(OR(WEEKDAY(Q$6,1)=1,WEEKDAY(Q$6,1)=7),0,MIN(8,Q9)*Q8)) | R10: =IF(R$6="","",IF(OR(WEEKDAY(R$6,1)=1,WEEKDAY(R$6,1)=7),0,MIN(8,R9)*R8)) | CX10: fm-1|day
B11: =SUM(L11:R11) | D11: =B11*E11 | E11: ='Rate Tables'!D9 | F11: OT | L11: =IF(L$6="","",IF(WEEKDAY(L$6,1)=1,0,IF(WEEKDAY(L$6,1)=7,L9*L8,MAX(0,L9-8)*L8))) | M11: =IF(M$6="","",IF(WEEKDAY(M$6,1)=1,0,IF(WEEKDAY(M$6,1)=7,M9*M8,MAX(0,M9-8)*M8))) | N11: =IF(N$6="","",IF(WEEKDAY(N$6,1)=1,0,IF(WEEKDAY(N$6,1)=7,N9*N8,MAX(0,N9-8)*N8))) | O11: =IF(O$6="","",IF(WEEKDAY(O$6,1)=1,0,IF(WEEKDAY(O$6,1)=7,O9*O8,MAX(0,O9-8)*O8))) | P11: =IF(P$6="","",IF(WEEKDAY(P$6,1)=1,0,IF(WEEKDAY(P$6,1)=7,P9*P8,MAX(0,P9-8)*P8))) | Q11: =IF(Q$6="","",IF(WEEKDAY(Q$6,1)=1,0,IF(WEEKDAY(Q$6,1)=7,Q9*Q8,MAX(0,Q9-8)*Q8))) | R11: =IF(R$6="","",IF(WEEKDAY(R$6,1)=1,0,IF(WEEKDAY(R$6,1)=7,R9*R8,MAX(0,R9-8)*R8))) | CX11: fm-1|day
B12: =SUM(L12:R12) | D12: =B12*E12 | E12: ='Rate Tables'!E9 | F12: DT | L12: =IF(L$6="","",IF(WEEKDAY(L$6,1)=1,L9*L8,0)) | M12: =IF(M$6="","",IF(WEEKDAY(M$6,1)=1,M9*M8,0)) | N12: =IF(N$6="","",IF(WEEKDAY(N$6,1)=1,N9*N8,0)) | O12: =IF(O$6="","",IF(WEEKDAY(O$6,1)=1,O9*O8,0)) | P12: =IF(P$6="","",IF(WEEKDAY(P$6,1)=1,P9*P8,0)) | Q12: =IF(Q$6="","",IF(WEEKDAY(Q$6,1)=1,Q9*Q8,0)) | R12: =IF(R$6="","",IF(WEEKDAY(R$6,1)=1,R9*R8,0)) | CX12: fm-1|day
B13: =SUM(L13:R13) | D13: =B13*E13 | E13: 130 | F13: PD | L13: 1 | M13: 1 | N13: 1 | O13: 1 | P13: 1 | Q13: 1 | R13: 1 | CX13: fm-1|day
A14: TOTAL | B14: =SUM(B7) | D14: =SUM(D13) | G14: =SUM(G7) | H14: =SUM(H7) | I14: =SUM(I7) | J14: =SUM(J7) | K14: =SUM(K7)

Sheet Direct
A1: HIT SQUAD / PROJECT CONTROLS
A2: Produced by Hit Squad Project Controls · Confidential estimate package
A3: 2027 Aromatics Turnaround
A4: Phillips 66 · Wood River — Roxana, IL · East Coast (PCA0001103)
A5: Produced Sep 4, 2026 | B5: 46269.713
A6: Shift | B6: Total Billable | C6: Position | D6: Sub Total $ | E6: Rate | F6: Type | G6: ST Hrs | H6: OT Hrs | I6: DT Hrs | J6: PD Days | K6: Labor $ | L6: 46266 | M6: =L6+1 | N6: =M6+1 | O6: =N6+1 | P6: =O6+1 | Q6: =P6+1 | R6: =Q6+1
A7: DAYSHIFT | B7: =G7+H7+I7 | C7: Boilermaker Journeyman | D7: =K7 | F7: TITLE | G7: =B10 | H7: =B11 | I7: =B12 | J7: =B13 | K7: =D10+D11+D12 | CX7: dr-1|day
F8: HC | L8: 1 | M8: 1 | N8: 1 | O8: 1 | P8: 1 | Q8: 1 | R8: 1 | CX8: dr-1|day
A9: Enter Hours Per shift Here | F9: HPS | L9: 10 | M9: 10 | N9: 10 | O9: 10 | P9: 10 | Q9: 10 | R9: 10 | CX9: dr-1|day
B10: =SUM(L10:R10) | D10: =B10*E10 | E10: ='Rate Tables'!C10 | F10: ST | L10: =IF(L$6="","",IF(OR(WEEKDAY(L$6,1)=1,WEEKDAY(L$6,1)=7),0,MIN(8,L9)*L8)) | M10: =IF(M$6="","",IF(OR(WEEKDAY(M$6,1)=1,WEEKDAY(M$6,1)=7),0,MIN(8,M9)*M8)) | N10: =IF(N$6="","",IF(OR(WEEKDAY(N$6,1)=1,WEEKDAY(N$6,1)=7),0,MIN(8,N9)*N8)) | O10: =IF(O$6="","",IF(OR(WEEKDAY(O$6,1)=1,WEEKDAY(O$6,1)=7),0,MIN(8,O9)*O8)) | P10: =IF(P$6="","",IF(OR(WEEKDAY(P$6,1)=1,WEEKDAY(P$6,1)=7),0,MIN(8,P9)*P8)) | Q10: =IF(Q$6="","",IF(OR(WEEKDAY(Q$6,1)=1,WEEKDAY(Q$6,1)=7),0,MIN(8,Q9)*Q8)) | R10: =IF(R$6="","",IF(OR(WEEKDAY(R$6,1)=1,WEEKDAY(R$6,1)=7),0,MIN(8,R9)*R8)) | CX10: dr-1|day
B11: =SUM(L11:R11) | D11: =B11*E11 | E11: ='Rate Tables'!D10 | F11: OT | L11: =IF(L$6="","",IF(WEEKDAY(L$6,1)=1,0,IF(WEEKDAY(L$6,1)=7,L9*L8,MAX(0,L9-8)*L8))) | M11: =IF(M$6="","",IF(WEEKDAY(M$6,1)=1,0,IF(WEEKDAY(M$6,1)=7,M9*M8,MAX(0,M9-8)*M8))) | N11: =IF(N$6="","",IF(WEEKDAY(N$6,1)=1,0,IF(WEEKDAY(N$6,1)=7,N9*N8,MAX(0,N9-8)*N8))) | O11: =IF(O$6="","",IF(WEEKDAY(O$6,1)=1,0,IF(WEEKDAY(O$6,1)=7,O9*O8,MAX(0,O9-8)*O8))) | P11: =IF(P$6="","",IF(WEEKDAY(P$6,1)=1,0,IF(WEEKDAY(P$6,1)=7,P9*P8,MAX(0,P9-8)*P8))) | Q11: =IF(Q$6="","",IF(WEEKDAY(Q$6,1)=1,0,IF(WEEKDAY(Q$6,1)=7,Q9*Q8,MAX(0,Q9-8)*Q8))) | R11: =IF(R$6="","",IF(WEEKDAY(R$6,1)=1,0,IF(WEEKDAY(R$6,1)=7,R9*R8,MAX(0,R9-8)*R8))) | CX11: dr-1|day
B12: =SUM(L12:R12) | D12: =B12*E12 | E12: ='Rate Tables'!E10 | F12: DT | L12: =IF(L$6="","",IF(WEEKDAY(L$6,1)=1,L9*L8,0)) | M12: =IF(M$6="","",IF(WEEKDAY(M$6,1)=1,M9*M8,0)) | N12: =IF(N$6="","",IF(WEEKDAY(N$6,1)=1,N9*N8,0)) | O12: =IF(O$6="","",IF(WEEKDAY(O$6,1)=1,O9*O8,0)) | P12: =IF(P$6="","",IF(WEEKDAY(P$6,1)=1,P9*P8,0)) | Q12: =IF(Q$6="","",IF(WEEKDAY(Q$6,1)=1,Q9*Q8,0)) | R12: =IF(R$6="","",IF(WEEKDAY(R$6,1)=1,R9*R8,0)) | CX12: dr-1|day
B13: =SUM(L13:R13) | D13: =B13*E13 | E13: 130 | F13: PD | L13: 1 | M13: 1 | N13: 1 | O13: 1 | P13: 1 | Q13: 1 | R13: 1 | CX13: dr-1|day
A14: TOTAL | B14: =SUM(B7) | D14: =SUM(D13) | G14: =SUM(G7) | H14: =SUM(H7) | I14: =SUM(I7) | J14: =SUM(J7) | K14: =SUM(K7)

Sheet Support
A1: HIT SQUAD / PROJECT CONTROLS
A2: Produced by Hit Squad Project Controls · Confidential estimate package
A3: 2027 Aromatics Turnaround
A4: Phillips 66 · Wood River — Roxana, IL · East Coast (PCA0001103)
A5: Produced Sep 4, 2026 | B5: 46269.713
A6: Shift | B6: Total Billable | C6: Position | D6: Sub Total $ | E6: Rate | F6: Type | G6: ST Hrs | H6: OT Hrs | I6: DT Hrs | J6: PD Days | K6: Labor $ | L6: 46266 | M6: =L6+1 | N6: =M6+1 | O6: =N6+1 | P6: =O6+1 | Q6: =P6+1 | R6: =Q6+1
A7: DAYSHIFT | B7: =G7+H7+I7 | C7: Fire Watch | D7: =K7 | F7: TITLE | G7: =B10 | H7: =B11 | I7: =B12 | J7: =B13 | K7: =D10+D11+D12 | CX7: su-1|day
F8: HC | L8: 1 | M8: 1 | N8: 1 | O8: 1 | P8: 1 | Q8: 1 | R8: 1 | CX8: su-1|day
A9: Enter Hours Per shift Here | F9: HPS | L9: 10 | M9: 10 | N9: 10 | O9: 10 | P9: 10 | Q9: 10 | R9: 10 | CX9: su-1|day
B10: =SUM(L10:R10) | D10: =B10*E10 | E10: ='Rate Tables'!C10 | F10: ST | L10: =IF(L$6="","",IF(OR(WEEKDAY(L$6,1)=1,WEEKDAY(L$6,1)=7),0,MIN(8,L9)*L8)) | M10: =IF(M$6="","",IF(OR(WEEKDAY(M$6,1)=1,WEEKDAY(M$6,1)=7),0,MIN(8,M9)*M8)) | N10: =IF(N$6="","",IF(OR(WEEKDAY(N$6,1)=1,WEEKDAY(N$6,1)=7),0,MIN(8,N9)*N8)) | O10: =IF(O$6="","",IF(OR(WEEKDAY(O$6,1)=1,WEEKDAY(O$6,1)=7),0,MIN(8,O9)*O8)) | P10: =IF(P$6="","",IF(OR(WEEKDAY(P$6,1)=1,WEEKDAY(P$6,1)=7),0,MIN(8,P9)*P8)) | Q10: =IF(Q$6="","",IF(OR(WEEKDAY(Q$6,1)=1,WEEKDAY(Q$6,1)=7),0,MIN(8,Q9)*Q8)) | R10: =IF(R$6="","",IF(OR(WEEKDAY(R$6,1)=1,WEEKDAY(R$6,1)=7),0,MIN(8,R9)*R8)) | CX10: su-1|day
B11: =SUM(L11:R11) | D11: =B11*E11 | E11: ='Rate Tables'!D10 | F11: OT | L11: =IF(L$6="","",IF(WEEKDAY(L$6,1)=1,0,IF(WEEKDAY(L$6,1)=7,L9*L8,MAX(0,L9-8)*L8))) | M11: =IF(M$6="","",IF(WEEKDAY(M$6,1)=1,0,IF(WEEKDAY(M$6,1)=7,M9*M8,MAX(0,M9-8)*M8))) | N11: =IF(N$6="","",IF(WEEKDAY(N$6,1)=1,0,IF(WEEKDAY(N$6,1)=7,N9*N8,MAX(0,N9-8)*N8))) | O11: =IF(O$6="","",IF(WEEKDAY(O$6,1)=1,0,IF(WEEKDAY(O$6,1)=7,O9*O8,MAX(0,O9-8)*O8))) | P11: =IF(P$6="","",IF(WEEKDAY(P$6,1)=1,0,IF(WEEKDAY(P$6,1)=7,P9*P8,MAX(0,P9-8)*P8))) | Q11: =IF(Q$6="","",IF(WEEKDAY(Q$6,1)=1,0,IF(WEEKDAY(Q$6,1)=7,Q9*Q8,MAX(0,Q9-8)*Q8))) | R11: =IF(R$6="","",IF(WEEKDAY(R$6,1)=1,0,IF(WEEKDAY(R$6,1)=7,R9*R8,MAX(0,R9-8)*R8))) | CX11: su-1|day
B12: =SUM(L12:R12) | D12: =B12*E12 | E12: ='Rate Tables'!E10 | F12: DT | L12: =IF(L$6="","",IF(WEEKDAY(L$6,1)=1,L9*L8,0)) | M12: =IF(M$6="","",IF(WEEKDAY(M$6,1)=1,M9*M8,0)) | N12: =IF(N$6="","",IF(WEEKDAY(N$6,1)=1,N9*N8,0)) | O12: =IF(O$6="","",IF(WEEKDAY(O$6,1)=1,O9*O8,0)) | P12: =IF(P$6="","",IF(WEEKDAY(P$6,1)=1,P9*P8,0)) | Q12: =IF(Q$6="","",IF(WEEKDAY(Q$6,1)=1,Q9*Q8,0)) | R12: =IF(R$6="","",IF(WEEKDAY(R$6,1)=1,R9*R8,0)) | CX12: su-1|day
B13: =SUM(L13:R13) | D13: =B13*E13 | E13: 130 | F13: PD | L13: 1 | M13: 1 | N13: 1 | O13: 1 | P13: 1 | Q13: 1 | R13: 1 | CX13: su-1|day
A14: TOTAL | B14: =SUM(B7) | D14: =SUM(D13) | G14: =SUM(G7) | H14: =SUM(H7) | I14: =SUM(I7) | J14: =SUM(J7) | K14: =SUM(K7)

Sheet Equipment Rental
A1: HIT SQUAD / PROJECT CONTROLS
A2: Produced by Hit Squad Project Controls · Confidential estimate package
A3: 2027 Aromatics Turnaround
A4: Phillips 66 · Wood River — Roxana, IL · East Coast (PCA0001103)
A5: Produced Sep 4, 2026 | B5: 46269.713
A6: Item | B6: Period | C6: Qty | D6: Periods | E6: Rate $ | F6: Freight $ | G6: Cost $ | H6: Total $
A7: 450amp diesel welder | B7: daily | C7: 1 | D7: 7 | E7: 134 | F7: 0 | G7: =C7*D7*E7+F7 | H7: =G7*1.06
A8: TOTAL | G8: =SUM(G7:G7) | H8: =SUM(H7:H7)

Sheet Tensioning Torquing equipment
A1: HIT SQUAD / PROJECT CONTROLS
A2: Produced by Hit Squad Project Controls · Confidential estimate package
A3: 2027 Aromatics Turnaround
A4: Phillips 66 · Wood River — Roxana, IL · East Coast (PCA0001103)
A5: Produced Sep 4, 2026 | B5: 46269.713
A6: Item | B6: Period | C6: Qty | D6: Periods | E6: Rate $ | F6: Freight $ | G6: Cost $ | H6: Total $
A7: Hydraulic tensioner | B7: daily | C7: 1 | D7: 7 | E7: 80 | F7: 0 | G7: =C7*D7*E7+F7 | H7: =G7*1.06
A8: TOTAL | G8: =SUM(G7:G7) | H8: =SUM(H7:H7)

Sheet Crane Rental
A1: HIT SQUAD / PROJECT CONTROLS
A2: Produced by Hit Squad Project Controls · Confidential estimate package
A3: 2027 Aromatics Turnaround
A4: Phillips 66 · Wood River — Roxana, IL · East Coast (PCA0001103)
A5: Produced Sep 4, 2026 | B5: 46269.713
A6: Item | B6: Period | C6: Qty | D6: Periods | E6: Rate $ | F6: Freight $ | G6: Cost $ | H6: Total $
A7: Carry deck crane | B7: daily | C7: 1 | D7: 7 | E7: 400 | F7: 0 | G7: =C7*D7*E7+F7 | H7: =G7*1.06
A8: TOTAL | G8: =SUM(G7:G7) | H8: =SUM(H7:H7)

Sheet OM Crane Subcontractor
A1: HIT SQUAD / PROJECT CONTROLS
A2: Produced by Hit Squad Project Controls · Confidential estimate package
A3: 2027 Aromatics Turnaround
A4: Phillips 66 · Wood River — Roxana, IL · East Coast (PCA0001103)
A5: Produced Sep 4, 2026 | B5: 46269.713
A6: Vendor | B6: Scope | C6: Qty | D6: Rate $ | E6: Affiliate | F6: Cost $ | G6: Markup $ | H6: Total $
A7: O&M Crane | B7: crane lift | C7: 1 | D7: 500 | E7: No | F7: =C7*D7 | G7: =F7*0.065 | H7: =F7+G7
A8: ESTIMATE TOTAL $ | F8: =SUM(F7:F7) | G8: =SUM(G7:G7) | H8: =SUM(H7:H7)

Sheet COE
A1: HIT SQUAD / PROJECT CONTROLS
A2: Produced by Hit Squad Project Controls · Confidential estimate package
A3: 2027 Aromatics Turnaround
A4: Phillips 66 · Wood River — Roxana, IL · East Coast (PCA0001103)
A5: Produced Sep 4, 2026 | B5: 46269.713
A6: Item | B6: Period | C6: Qty | D6: Periods | E6: Rate $ | F6: Freight $ | G6: Total $
A7: AIR MOVER | B7: daily | C7: 1 | D7: 7 | E7: 32 | F7: 0 | G7: =C7*D7*E7+F7
A8: TOTAL | G8: =SUM(G7:G7)

Sheet Staff Travel Cost
A1: HIT SQUAD / PROJECT CONTROLS
A2: Produced by Hit Squad Project Controls · Confidential estimate package
A3: 2027 Aromatics Turnaround
A4: Phillips 66 · Wood River — Roxana, IL · East Coast (PCA0001103)
A5: Produced Sep 4, 2026 | B5: 46269.713
A6: Kind | B6: Travelers | C6: Miles | D6: $ / mile | E6: Total $
A7: Staff | B7: 1 | C7: 40 | D7: 0.7 | E7: =B7*C7*D7
A8: TOTAL | E8: =SUM(E7:E7)

Sheet Misc Costs
A1: HIT SQUAD / PROJECT CONTROLS
A2: Produced by Hit Squad Project Controls · Confidential estimate package
A3: 2027 Aromatics Turnaround
A4: Phillips 66 · Wood River — Roxana, IL · East Coast (PCA0001103)
A5: Produced Sep 4, 2026 | B5: 46269.713
A6: Item | B6: Description | C6: Qty | D6: Each $ | E6: Total $
A7: Alloy rod | B7: Stainless | C7: 1 | D7: 25 | E7: =C7*D7
A8: TOTAL | E8: =SUM(E7:E7)

Sheet Rate Tables
A1: HIT SQUAD / PROJECT CONTROLS
A2: Produced by Hit Squad Project Controls · Confidential estimate package
A3: 2027 Aromatics Turnaround
A4: Phillips 66 · Wood River — Roxana, IL · East Coast (PCA0001103)
A5: Produced Sep 4, 2026 | B5: 46269.713
A6: Craft | B6: COMP BW $ | C6: ST Bill $ | D6: OT Bill $ | E6: DT Bill $ | F6: PD Rate
A7: Lead Safety 01 | B7: 52.5 | C7: 91.02 | D7: 122.2 | E7: 153.39 | F7: 140
A8: Pipefitter GF Union | B8: 58.84 | C8: 111.22 | D8: 156.31 | E8: 201.4 | F8: 140
A9: Boilermaker Foreman | B9: 49.1 | C9: 112.62 | D9: 159.07 | E9: 205.52 | F9: 130
A10: Boilermaker Journeyman | B10: 45.6 | C10: 108.38 | D10: 152.78 | E10: 197.19 | F10: 130
